0,002081b3,e3a41ed6,519b5c9e,353f7b74
1,402081b3,e3a41ed6,519b5c9e,9208c238
2,002091b3,e3a41ed6,519b5c9e,80000000
3,0020a1b3,e3a41ed6,519b5c9e,00000001
4,0020b1b3,e3a41ed6,519b5c9e,00000000
5,0020c1b3,e3a41ed6,519b5c9e,b23f4248
6,0020d1b3,e3a41ed6,519b5c9e,00000003
7,4020d1b3,e3a41ed6,519b5c9e,ffffffff
8,0020e1b3,e3a41ed6,519b5c9e,f3bf5ede
9,0020f1b3,e3a41ed6,519b5c9e,41801c96
10,022081b3,e3a41ed6,519b5c9e,dbf1f014
11,022091b3,e3a41ed6,519b5c9e,f6f5b7dd
12,0220a1b3,e3a41ed6,519b5c9e,f6f5b7dd
13,0220b1b3,e3a41ed6,519b5c9e,4891147b
14,60009193,e3a41ed6,00000000,00000000
15,60109193,e3a41ed6,00000000,00000001
16,60209193,e3a41ed6,00000000,00000011
17,602091b3,e3a41ed6,519b5c9e,b8e907b5
18,6020d1b3,e3a41ed6,519b5c9e,8e907b5b
19,0a20c1b3,e3a41ed6,519b5c9e,e3a41ed6
20,0a20e1b3,e3a41ed6,519b5c9e,519b5c9e
21,0a20d1b3,e3a41ed6,519b5c9e,519b5c9e
22,0a20f1b3,e3a41ed6,519b5c9e,e3a41ed6
23,282091b3,e3a41ed6,519b5c9e,e3a41ed6
24,482091b3,e3a41ed6,519b5c9e,a3a41ed6
25,4820d1b3,e3a41ed6,519b5c9e,00000001
26,0020818b,e3a41ed6,519b5c9e,000035fb
27,0020918b,e3a41ed6,519b5c9e,34807a80
28,0020a18b,e3a41ed6,519b5c9e,9209c238
29,0000b18b,e3a41ed6,00000000,1c5be12a
30,0000c18b,e3a41ed6,00000000,ffffff80
0,002081b3,4340d060,25b9ea0e,68faba6e
1,402081b3,4340d060,25b9ea0e,1d86e652
2,002091b3,4340d060,25b9ea0e,34180000
3,0020a1b3,4340d060,25b9ea0e,00000000
4,0020b1b3,4340d060,25b9ea0e,00000000
5,0020c1b3,4340d060,25b9ea0e,66f93a6e
6,0020d1b3,4340d060,25b9ea0e,00010d03
7,4020d1b3,4340d060,25b9ea0e,00010d03
8,0020e1b3,4340d060,25b9ea0e,67f9fa6e
9,0020f1b3,4340d060,25b9ea0e,0100c000
10,022081b3,4340d060,25b9ea0e,61632540
11,022091b3,4340d060,25b9ea0e,09e93571
12,0220a1b3,4340d060,25b9ea0e,09e93571
13,0220b1b3,4340d060,25b9ea0e,09e93571
14,60009193,4340d060,00000000,00000001
15,60109193,4340d060,00000000,00000005
16,60209193,4340d060,00000000,00000009
17,602091b3,4340d060,25b9ea0e,341810d0
18,6020d1b3,4340d060,25b9ea0e,41810d03
19,0a20c1b3,4340d060,25b9ea0e,25b9ea0e
20,0a20e1b3,4340d060,25b9ea0e,4340d060
21,0a20d1b3,4340d060,25b9ea0e,25b9ea0e
22,0a20f1b3,4340d060,25b9ea0e,4340d060
23,282091b3,4340d060,25b9ea0e,4340d060
24,482091b3,4340d060,25b9ea0e,43409060
25,4820d1b3,4340d060,25b9ea0e,00000001
26,0020818b,4340d060,25b9ea0e,0000014f
27,0020918b,4340d060,25b9ea0e,68f9ba6e
28,0020a18b,4340d060,25b9ea0e,1e7fe652
29,0000b18b,4340d060,00000000,4340d060
30,0000c18b,4340d060,00000000,0000007f
0,002081b3,74fcfcb0,c4381012,39350cc2
1,402081b3,74fcfcb0,c4381012,b0c4ec9e
2,002091b3,74fcfcb0,c4381012,f2c00000
3,0020a1b3,74fcfcb0,c4381012,00000000
4,0020b1b3,74fcfcb0,c4381012,00000001
5,0020c1b3,74fcfcb0,c4381012,b0c4eca2
6,0020d1b3,74fcfcb0,c4381012,00001d3f
7,4020d1b3,74fcfcb0,c4381012,00001d3f
8,0020e1b3,74fcfcb0,c4381012,f4fcfcb2
9,0020f1b3,74fcfcb0,c4381012,44381010
10,022081b3,74fcfcb0,c4381012,1014c460
11,022091b3,74fcfcb0,c4381012,e4ae5376
12,0220a1b3,74fcfcb0,c4381012,59ab5026
13,0220b1b3,74fcfcb0,c4381012,59ab5026
14,60009193,74fcfcb0,00000000,00000001
15,60109193,74fcfcb0,00000000,00000004
16,60209193,74fcfcb0,00000000,00000013
17,602091b3,74fcfcb0,c4381012,f2c1d3f3
18,6020d1b3,74fcfcb0,c4381012,3f2c1d3f
19,0a20c1b3,74fcfcb0,c4381012,c4381012
20,0a20e1b3,74fcfcb0,c4381012,74fcfcb0
21,0a20d1b3,74fcfcb0,c4381012,74fcfcb0
22,0a20f1b3,74fcfcb0,c4381012,c4381012
23,282091b3,74fcfcb0,c4381012,74fcfcb0
24,482091b3,74fcfcb0,c4381012,74f8fcb0
25,4820d1b3,74fcfcb0,c4381012,00000001
26,0020818b,74fcfcb0,c4381012,ffffde10
27,0020918b,74fcfcb0,c4381012,38340cc2
28,0020a18b,74fcfcb0,c4381012,7fc4ec9e
29,0000b18b,74fcfcb0,00000000,74fcfcb0
30,0000c18b,74fcfcb0,00000000,0000007f
0,002081b3,e8eb18b3,f23568b1,db208164
1,402081b3,e8eb18b3,f23568b1,f6b5b002
2,002091b3,e8eb18b3,f23568b1,31660000
3,0020a1b3,e8eb18b3,f23568b1,00000001
4,0020b1b3,e8eb18b3,f23568b1,00000001
5,0020c1b3,e8eb18b3,f23568b1,1ade7002
6,0020d1b3,e8eb18b3,f23568b1,00007475
7,4020d1b3,e8eb18b3,f23568b1,fffff475
8,0020e1b3,e8eb18b3,f23568b1,faff78b3
9,0020f1b3,e8eb18b3,f23568b1,e02108b1
10,022081b3,e8eb18b3,f23568b1,dfa3cbc3
11,022091b3,e8eb18b3,f23568b1,013e53e1
12,0220a1b3,e8eb18b3,f23568b1,ea296c94
13,0220b1b3,e8eb18b3,f23568b1,dc5ed545
14,60009193,e8eb18b3,00000000,00000000
15,60109193,e8eb18b3,00000000,00000000
16,60209193,e8eb18b3,00000000,00000011
17,602091b3,e8eb18b3,f23568b1,3167d1d6
18,6020d1b3,e8eb18b3,f23568b1,8c59f475
19,0a20c1b3,e8eb18b3,f23568b1,e8eb18b3
20,0a20e1b3,e8eb18b3,f23568b1,f23568b1
21,0a20d1b3,e8eb18b3,f23568b1,e8eb18b3
22,0a20f1b3,e8eb18b3,f23568b1,f23568b1
23,282091b3,e8eb18b3,f23568b1,e8eb18b3
24,482091b3,e8eb18b3,f23568b1,e8e918b3
25,4820d1b3,e8eb18b3,f23568b1,00000001
26,0020818b,e8eb18b3,f23568b1,00001e7a
27,0020918b,e8eb18b3,f23568b1,da207f80
28,0020a18b,e8eb18b3,f23568b1,f6b6b002
29,0000b18b,e8eb18b3,00000000,1714e74d
30,0000c18b,e8eb18b3,00000000,ffffff80
0,002081b3,c0d510e2,ae8948b7,6f5e5999
1,402081b3,c0d510e2,ae8948b7,124bc82b
2,002091b3,c0d510e2,ae8948b7,71000000
3,0020a1b3,c0d510e2,ae8948b7,00000000
4,0020b1b3,c0d510e2,ae8948b7,00000000
5,0020c1b3,c0d510e2,ae8948b7,6e5c5855
6,0020d1b3,c0d510e2,ae8948b7,00000181
7,4020d1b3,c0d510e2,ae8948b7,ffffff81
8,0020e1b3,c0d510e2,ae8948b7,eedd58f7
9,0020f1b3,c0d510e2,ae8948b7,808100a2
10,022081b3,c0d510e2,ae8948b7,6a00a18e
11,022091b3,c0d510e2,ae8948b7,1419e0ac
12,0220a1b3,c0d510e2,ae8948b7,d4eef18e
13,0220b1b3,c0d510e2,ae8948b7,83783a45
14,60009193,c0d510e2,00000000,00000000
15,60109193,c0d510e2,00000000,00000001
16,60209193,c0d510e2,00000000,0000000c
17,602091b3,c0d510e2,ae8948b7,71606a88
18,6020d1b3,c0d510e2,ae8948b7,aa21c581
19,0a20c1b3,c0d510e2,ae8948b7,ae8948b7
20,0a20e1b3,c0d510e2,ae8948b7,c0d510e2
21,0a20d1b3,c0d510e2,ae8948b7,ae8948b7
22,0a20f1b3,c0d510e2,ae8948b7,c0d510e2
23,282091b3,c0d510e2,ae8948b7,c0d510e2
24,482091b3,c0d510e2,ae8948b7,c05510e2
25,4820d1b3,c0d510e2,ae8948b7,00000001
26,0020818b,c0d510e2,ae8948b7,0000358b
27,0020918b,c0d510e2,ae8948b7,80805899
28,0020a18b,c0d510e2,ae8948b7,124cc82b
29,0000b18b,c0d510e2,00000000,3f2aef1e
30,0000c18b,c0d510e2,00000000,ffffff80
0,002081b3,fdf58a0e,1ff6c099,1dec4aa7
1,402081b3,fdf58a0e,1ff6c099,ddfec975
2,002091b3,fdf58a0e,1ff6c099,1c000000
3,0020a1b3,fdf58a0e,1ff6c099,00000001
4,0020b1b3,fdf58a0e,1ff6c099,00000000
5,0020c1b3,fdf58a0e,1ff6c099,e2034a97
6,0020d1b3,fdf58a0e,1ff6c099,0000007e
7,4020d1b3,fdf58a0e,1ff6c099,fffffffe
8,0020e1b3,fdf58a0e,1ff6c099,fff7ca9f
9,0020f1b3,fdf58a0e,1ff6c099,1df48008
10,022081b3,fdf58a0e,1ff6c099,4abe025e
11,022091b3,fdf58a0e,1ff6c099,ffbec421
12,0220a1b3,fdf58a0e,1ff6c099,ffbec421
13,0220b1b3,fdf58a0e,1ff6c099,1fb584ba
14,60009193,fdf58a0e,00000000,00000000
15,60109193,fdf58a0e,00000000,00000001
16,60209193,fdf58a0e,00000000,00000013
17,602091b3,fdf58a0e,1ff6c099,1dfbeb14
18,6020d1b3,fdf58a0e,1ff6c099,fac5077e
19,0a20c1b3,fdf58a0e,1ff6c099,fdf58a0e
20,0a20e1b3,fdf58a0e,1ff6c099,1ff6c099
21,0a20d1b3,fdf58a0e,1ff6c099,1ff6c099
22,0a20f1b3,fdf58a0e,1ff6c099,fdf58a0e
23,282091b3,fdf58a0e,1ff6c099,fff58a0e
24,482091b3,fdf58a0e,1ff6c099,fdf58a0e
25,4820d1b3,fdf58a0e,1ff6c099,00000000
26,0020818b,fdf58a0e,1ff6c099,000017ef
27,0020918b,fdf58a0e,1ff6c099,1ceb80a7
28,0020a18b,fdf58a0e,1ff6c099,deffca75
29,0000b18b,fdf58a0e,00000000,020a75f2
30,0000c18b,fdf58a0e,00000000,ffffff80
0,002081b3,2914439f,059edf76,2eb32315
1,402081b3,2914439f,059edf76,23756429
2,002091b3,2914439f,059edf76,e7c00000
3,0020a1b3,2914439f,059edf76,00000000
4,0020b1b3,2914439f,059edf76,00000000
5,0020c1b3,2914439f,059edf76,2c8a9ce9
6,0020d1b3,2914439f,059edf76,000000a4
7,4020d1b3,2914439f,059edf76,000000a4
8,0020e1b3,2914439f,059edf76,2d9edfff
9,0020f1b3,2914439f,059edf76,01144316
10,022081b3,2914439f,059edf76,6d60ac4a
11,022091b3,2914439f,059edf76,00e6e3af
12,0220a1b3,2914439f,059edf76,00e6e3af
13,0220b1b3,2914439f,059edf76,00e6e3af
14,60009193,2914439f,00000000,00000002
15,60109193,2914439f,00000000,00000000
16,60209193,2914439f,00000000,0000000e
17,602091b3,2914439f,059edf76,e7ca4510
18,6020d1b3,2914439f,059edf76,510e7ca4
19,0a20c1b3,2914439f,059edf76,059edf76
20,0a20e1b3,2914439f,059edf76,2914439f
21,0a20d1b3,2914439f,059edf76,059edf76
22,0a20f1b3,2914439f,059edf76,2914439f
23,282091b3,2914439f,059edf76,2954439f
24,482091b3,2914439f,059edf76,2914439f
25,4820d1b3,2914439f,059edf76,00000000
26,0020818b,2914439f,059edf76,ffffc3cc
27,0020918b,2914439f,059edf76,2eb22215
28,0020a18b,2914439f,059edf76,24766480
29,0000b18b,2914439f,00000000,2914439f
30,0000c18b,2914439f,00000000,0000007f
0,002081b3,71cb03d1,1d368546,8f018917
1,402081b3,71cb03d1,1d368546,54947e8b
2,002091b3,71cb03d1,1d368546,72c0f440
3,0020a1b3,71cb03d1,1d368546,00000000
4,0020b1b3,71cb03d1,1d368546,00000000
5,0020c1b3,71cb03d1,1d368546,6cfd8697
6,0020d1b3,71cb03d1,1d368546,01c72c0f
7,4020d1b3,71cb03d1,1d368546,01c72c0f
8,0020e1b3,71cb03d1,1d368546,7dff87d7
9,0020f1b3,71cb03d1,1d368546,11020140
10,022081b3,71cb03d1,1d368546,1194a026
11,022091b3,71cb03d1,1d368546,0cfc3b7f
12,0220a1b3,71cb03d1,1d368546,0cfc3b7f
13,0220b1b3,71cb03d1,1d368546,0cfc3b7f
14,60009193,71cb03d1,00000000,00000001
15,60109193,71cb03d1,00000000,00000000
16,60209193,71cb03d1,00000000,0000000f
17,602091b3,71cb03d1,1d368546,72c0f45c
18,6020d1b3,71cb03d1,1d368546,45c72c0f
19,0a20c1b3,71cb03d1,1d368546,1d368546
20,0a20e1b3,71cb03d1,1d368546,71cb03d1
21,0a20d1b3,71cb03d1,1d368546,1d368546
22,0a20f1b3,71cb03d1,1d368546,71cb03d1
23,282091b3,71cb03d1,1d368546,71cb03d1
24,482091b3,71cb03d1,1d368546,71cb0391
25,4820d1b3,71cb03d1,1d368546,00000001
26,0020818b,71cb03d1,1d368546,fffff354
27,0020918b,71cb03d1,1d368546,7f018817
28,0020a18b,71cb03d1,1d368546,54957e8b
29,0000b18b,71cb03d1,00000000,71cb03d1
30,0000c18b,71cb03d1,00000000,0000007f
0,002081b3,09306408,d6a03865,dfd09c6d
1,402081b3,09306408,d6a03865,32902ba3
2,002091b3,09306408,d6a03865,260c8100
3,0020a1b3,09306408,d6a03865,00000000
4,0020b1b3,09306408,d6a03865,00000001
5,0020c1b3,09306408,d6a03865,df905c6d
6,0020d1b3,09306408,d6a03865,00498320
7,4020d1b3,09306408,d6a03865,00498320
8,0020e1b3,09306408,d6a03865,dfb07c6d
9,0020f1b3,09306408,d6a03865,00202000
10,022081b3,09306408,d6a03865,6af93728
11,022091b3,09306408,d6a03865,fe83cfdb
12,0220a1b3,09306408,d6a03865,07b433e3
13,0220b1b3,09306408,d6a03865,07b433e3
14,60009193,09306408,00000000,00000004
15,60109193,09306408,00000000,00000003
16,60209193,09306408,00000000,00000008
17,602091b3,09306408,d6a03865,260c8101
18,6020d1b3,09306408,d6a03865,40498320
19,0a20c1b3,09306408,d6a03865,d6a03865
20,0a20e1b3,09306408,d6a03865,09306408
21,0a20d1b3,09306408,d6a03865,09306408
22,0a20f1b3,09306408,d6a03865,d6a03865
23,282091b3,09306408,d6a03865,09306428
24,482091b3,09306408,d6a03865,09306408
25,4820d1b3,09306408,d6a03865,00000000
26,0020818b,09306408,d6a03865,0000058e
27,0020918b,09306408,d6a03865,dfd07f6d
28,0020a18b,09306408,d6a03865,337f2ca3
29,0000b18b,09306408,00000000,09306408
30,0000c18b,09306408,00000000,0000007f
0,002081b3,375e6a72,bbf91c94,f3578706
1,402081b3,375e6a72,bbf91c94,7b654dde
2,002091b3,375e6a72,bbf91c94,a7200000
3,0020a1b3,375e6a72,bbf91c94,00000000
4,0020b1b3,375e6a72,bbf91c94,00000001
5,0020c1b3,375e6a72,bbf91c94,8ca776e6
6,0020d1b3,375e6a72,bbf91c94,00000375
7,4020d1b3,375e6a72,bbf91c94,00000375
8,0020e1b3,375e6a72,bbf91c94,bfff7ef6
9,0020f1b3,375e6a72,bbf91c94,33580810
10,022081b3,375e6a72,bbf91c94,251c01e8
11,022091b3,375e6a72,bbf91c94,f1496e53
12,0220a1b3,375e6a72,bbf91c94,28a7d8c5
13,0220b1b3,375e6a72,bbf91c94,28a7d8c5
14,60009193,375e6a72,00000000,00000002
15,60109193,375e6a72,00000000,00000001
16,60209193,375e6a72,00000000,00000012
17,602091b3,375e6a72,bbf91c94,a72375e6
18,6020d1b3,375e6a72,bbf91c94,e6a72375
19,0a20c1b3,375e6a72,bbf91c94,bbf91c94
20,0a20e1b3,375e6a72,bbf91c94,375e6a72
21,0a20d1b3,375e6a72,bbf91c94,375e6a72
22,0a20f1b3,375e6a72,bbf91c94,bbf91c94
23,282091b3,375e6a72,bbf91c94,375e6a72
24,482091b3,375e6a72,bbf91c94,374e6a72
25,4820d1b3,375e6a72,bbf91c94,00000001
26,0020818b,375e6a72,bbf91c94,ffffca1b
27,0020918b,375e6a72,bbf91c94,f2577f06
28,0020a18b,375e6a72,bbf91c94,7c654e7f
29,0000b18b,375e6a72,00000000,375e6a72
30,0000c18b,375e6a72,00000000,0000007f
0,002081b3,91b325c5,a9fa3ea5,3bad646a
1,402081b3,91b325c5,a9fa3ea5,e7b8e720
2,002091b3,91b325c5,a9fa3ea5,3664b8a0
3,0020a1b3,91b325c5,a9fa3ea5,00000001
4,0020b1b3,91b325c5,a9fa3ea5,00000001
5,0020c1b3,91b325c5,a9fa3ea5,38491b60
6,0020d1b3,91b325c5,a9fa3ea5,048d992e
7,4020d1b3,91b325c5,a9fa3ea5,fc8d992e
8,0020e1b3,91b325c5,a9fa3ea5,b9fb3fe5
9,0020f1b3,91b325c5,a9fa3ea5,81b22485
10,022081b3,91b325c5,a9fa3ea5,3aff0df9
11,022091b3,91b325c5,a9fa3ea5,25104c1f
12,0220a1b3,91b325c5,a9fa3ea5,b6c371e4
13,0220b1b3,91b325c5,a9fa3ea5,60bdb089
14,60009193,91b325c5,00000000,00000000
15,60109193,91b325c5,00000000,00000000
16,60209193,91b325c5,00000000,0000000f
17,602091b3,91b325c5,a9fa3ea5,3664b8b2
18,6020d1b3,91b325c5,a9fa3ea5,2c8d992e
19,0a20c1b3,91b325c5,a9fa3ea5,91b325c5
20,0a20e1b3,91b325c5,a9fa3ea5,a9fa3ea5
21,0a20d1b3,91b325c5,a9fa3ea5,91b325c5
22,0a20f1b3,91b325c5,a9fa3ea5,a9fa3ea5
23,282091b3,91b325c5,a9fa3ea5,91b325e5
24,482091b3,91b325c5,a9fa3ea5,91b325c5
25,4820d1b3,91b325c5,a9fa3ea5,00000000
26,0020818b,91b325c5,a9fa3ea5,00004576
27,0020918b,91b325c5,a9fa3ea5,80ad6380
28,0020a18b,91b325c5,a9fa3ea5,e8b9e720
29,0000b18b,91b325c5,00000000,6e4cda3b
30,0000c18b,91b325c5,00000000,ffffff80
0,002081b3,98cd60c2,804a8963,1917ea25
1,402081b3,98cd60c2,804a8963,1882d75f
2,002091b3,98cd60c2,804a8963,c66b0610
3,0020a1b3,98cd60c2,804a8963,00000000
4,0020b1b3,98cd60c2,804a8963,00000000
5,0020c1b3,98cd60c2,804a8963,1887e9a1
6,0020d1b3,98cd60c2,804a8963,1319ac18
7,4020d1b3,98cd60c2,804a8963,f319ac18
8,0020e1b3,98cd60c2,804a8963,98cfe9e3
9,0020f1b3,98cd60c2,804a8963,80480042
10,022081b3,98cd60c2,804a8963,f8483d06
11,022091b3,98cd60c2,804a8963,337b439a
12,0220a1b3,98cd60c2,804a8963,cc48a45c
13,0220b1b3,98cd60c2,804a8963,4c932dbf
14,60009193,98cd60c2,00000000,00000000
15,60109193,98cd60c2,00000000,00000001
16,60209193,98cd60c2,00000000,0000000d
17,602091b3,98cd60c2,804a8963,c66b0614
18,6020d1b3,98cd60c2,804a8963,5319ac18
19,0a20c1b3,98cd60c2,804a8963,804a8963
20,0a20e1b3,98cd60c2,804a8963,98cd60c2
21,0a20d1b3,98cd60c2,804a8963,804a8963
22,0a20f1b3,98cd60c2,804a8963,98cd60c2
23,282091b3,98cd60c2,804a8963,98cd60ca
24,482091b3,98cd60c2,804a8963,98cd60c2
25,4820d1b3,98cd60c2,804a8963,00000000
26,0020818b,98cd60c2,804a8963,ffffe0a8
27,0020918b,98cd60c2,804a8963,8017e925
28,0020a18b,98cd60c2,804a8963,18837f80
29,0000b18b,98cd60c2,00000000,67329f3e
30,0000c18b,98cd60c2,00000000,ffffff80
0,002081b3,cb463c6c,be463c09,898c7875
1,402081b3,cb463c6c,be463c09,0d000063
2,002091b3,cb463c6c,be463c09,8c78d800
3,0020a1b3,cb463c6c,be463c09,00000000
4,0020b1b3,cb463c6c,be463c09,00000000
5,0020c1b3,cb463c6c,be463c09,75000065
6,0020d1b3,cb463c6c,be463c09,0065a31e
7,4020d1b3,cb463c6c,be463c09,ffe5a31e
8,0020e1b3,cb463c6c,be463c09,ff463c6d
9,0020f1b3,cb463c6c,be463c09,8a463c08
10,022081b3,cb463c6c,be463c09,49296fcc
11,022091b3,cb463c6c,be463c09,0d896d43
12,0220a1b3,cb463c6c,be463c09,d8cfa9af
13,0220b1b3,cb463c6c,be463c09,9715e5b8
14,60009193,cb463c6c,00000000,00000000
15,60109193,cb463c6c,00000000,00000002
16,60209193,cb463c6c,00000000,00000010
17,602091b3,cb463c6c,be463c09,8c78d996
18,6020d1b3,cb463c6c,be463c09,3665a31e
19,0a20c1b3,cb463c6c,be463c09,be463c09
20,0a20e1b3,cb463c6c,be463c09,cb463c6c
21,0a20d1b3,cb463c6c,be463c09,be463c09
22,0a20f1b3,cb463c6c,be463c09,cb463c6c
23,282091b3,cb463c6c,be463c09,cb463e6c
24,482091b3,cb463c6c,be463c09,cb463c6c
25,4820d1b3,cb463c6c,be463c09,00000000
26,0020818b,cb463c6c,be463c09,000032aa
27,0020918b,cb463c6c,be463c09,897f7875
28,0020a18b,cb463c6c,be463c09,0d000063
29,0000b18b,cb463c6c,00000000,34b9c394
30,0000c18b,cb463c6c,00000000,ffffff80
0,002081b3,dc50c1c3,4885f466,24d6b629
1,402081b3,dc50c1c3,4885f466,93cacd5d
2,002091b3,dc50c1c3,4885f466,143070c0
3,0020a1b3,dc50c1c3,4885f466,00000001
4,0020b1b3,dc50c1c3,4885f466,00000000
5,0020c1b3,dc50c1c3,4885f466,94d535a5
6,0020d1b3,dc50c1c3,4885f466,03714307
7,4020d1b3,dc50c1c3,4885f466,ff714307
8,0020e1b3,dc50c1c3,4885f466,dcd5f5e7
9,0020f1b3,dc50c1c3,4885f466,4800c042
10,022081b3,dc50c1c3,4885f466,432a0fb2
11,022091b3,dc50c1c3,4885f466,f5e40a62
12,0220a1b3,dc50c1c3,4885f466,f5e40a62
13,0220b1b3,dc50c1c3,4885f466,3e69fec8
14,60009193,dc50c1c3,00000000,00000000
15,60109193,dc50c1c3,00000000,00000000
16,60209193,dc50c1c3,00000000,0000000e
17,602091b3,dc50c1c3,4885f466,143070f7
18,6020d1b3,dc50c1c3,4885f466,0f714307
19,0a20c1b3,dc50c1c3,4885f466,dc50c1c3
20,0a20e1b3,dc50c1c3,4885f466,4885f466
21,0a20d1b3,dc50c1c3,4885f466,4885f466
22,0a20f1b3,dc50c1c3,4885f466,dc50c1c3
23,282091b3,dc50c1c3,4885f466,dc50c1c3
24,482091b3,dc50c1c3,4885f466,dc50c183
25,4820d1b3,dc50c1c3,4885f466,00000001
26,0020818b,dc50c1c3,4885f466,ffffba16
27,0020918b,dc50c1c3,4885f466,24d5b529
28,0020a18b,dc50c1c3,4885f466,947fcd80
29,0000b18b,dc50c1c3,00000000,23af3e3d
30,0000c18b,dc50c1c3,00000000,ffffff80
0,002081b3,96e4ecd6,9cddc2e2,33c2afb8
1,402081b3,96e4ecd6,9cddc2e2,fa0729f4
2,002091b3,96e4ecd6,9cddc2e2,5b93b358
3,0020a1b3,96e4ecd6,9cddc2e2,00000001
4,0020b1b3,96e4ecd6,9cddc2e2,00000001
5,0020c1b3,96e4ecd6,9cddc2e2,0a392e34
6,0020d1b3,96e4ecd6,9cddc2e2,25b93b35
7,4020d1b3,96e4ecd6,9cddc2e2,e5b93b35
8,0020e1b3,96e4ecd6,9cddc2e2,9efdeef6
9,0020f1b3,96e4ecd6,9cddc2e2,94c4c0c2
10,022081b3,96e4ecd6,9cddc2e2,8e5140ec
11,022091b3,96e4ecd6,9cddc2e2,28b38719
12,0220a1b3,96e4ecd6,9cddc2e2,bf9873ef
13,0220b1b3,96e4ecd6,9cddc2e2,5c7636d1
14,60009193,96e4ecd6,00000000,00000000
15,60109193,96e4ecd6,00000000,00000001
16,60209193,96e4ecd6,00000000,00000012
17,602091b3,96e4ecd6,9cddc2e2,5b93b35a
18,6020d1b3,96e4ecd6,9cddc2e2,a5b93b35
19,0a20c1b3,96e4ecd6,9cddc2e2,96e4ecd6
20,0a20e1b3,96e4ecd6,9cddc2e2,9cddc2e2
21,0a20d1b3,96e4ecd6,9cddc2e2,96e4ecd6
22,0a20f1b3,96e4ecd6,9cddc2e2,9cddc2e2
23,282091b3,96e4ecd6,9cddc2e2,96e4ecd6
24,482091b3,96e4ecd6,9cddc2e2,96e4ecd2
25,4820d1b3,96e4ecd6,9cddc2e2,00000001
26,0020818b,96e4ecd6,9cddc2e2,00003700
27,0020918b,96e4ecd6,9cddc2e2,80c1aeb8
28,0020a18b,96e4ecd6,9cddc2e2,fa072af4
29,0000b18b,96e4ecd6,00000000,691b132a
30,0000c18b,96e4ecd6,00000000,ffffff80
0,002081b3,da3a281e,e9f4493b,c42e7159
1,402081b3,da3a281e,e9f4493b,f045dee3
2,002091b3,da3a281e,e9f4493b,f0000000
3,0020a1b3,da3a281e,e9f4493b,00000001
4,0020b1b3,da3a281e,e9f4493b,00000001
5,0020c1b3,da3a281e,e9f4493b,33ce6125
6,0020d1b3,da3a281e,e9f4493b,0000001b
7,4020d1b3,da3a281e,e9f4493b,fffffffb
8,0020e1b3,da3a281e,e9f4493b,fbfe693f
9,0020f1b3,da3a281e,e9f4493b,c830081a
10,022081b3,da3a281e,e9f4493b,6b6fccea
11,022091b3,da3a281e,e9f4493b,0340bb05
12,0220a1b3,da3a281e,e9f4493b,dd7ae323
13,0220b1b3,da3a281e,e9f4493b,c76f2c5e
14,60009193,da3a281e,00000000,00000000
15,60109193,da3a281e,00000000,00000001
16,60209193,da3a281e,00000000,0000000f
17,602091b3,da3a281e,e9f4493b,f6d1d140
18,6020d1b3,da3a281e,e9f4493b,474503db
19,0a20c1b3,da3a281e,e9f4493b,da3a281e
20,0a20e1b3,da3a281e,e9f4493b,e9f4493b
21,0a20d1b3,da3a281e,e9f4493b,da3a281e
22,0a20f1b3,da3a281e,e9f4493b,e9f4493b
23,282091b3,da3a281e,e9f4493b,da3a281e
24,482091b3,da3a281e,e9f4493b,d23a281e
25,4820d1b3,da3a281e,e9f4493b,00000001
26,0020818b,da3a281e,e9f4493b,00001304
27,0020918b,da3a281e,e9f4493b,c32e7159
28,0020a18b,da3a281e,e9f4493b,f146dfe3
29,0000b18b,da3a281e,00000000,25c5d7e2
30,0000c18b,da3a281e,00000000,ffffff80
0,002081b3,960cae83,1f4c2e53,b558dcd6
1,402081b3,960cae83,1f4c2e53,76c08030
2,002091b3,960cae83,1f4c2e53,74180000
3,0020a1b3,960cae83,1f4c2e53,00000001
4,0020b1b3,960cae83,1f4c2e53,00000000
5,0020c1b3,960cae83,1f4c2e53,894080d0
6,0020d1b3,960cae83,1f4c2e53,000012c1
7,4020d1b3,960cae83,1f4c2e53,fffff2c1
8,0020e1b3,960cae83,1f4c2e53,9f4caed3
9,0020f1b3,960cae83,1f4c2e53,160c2e03
10,022081b3,960cae83,1f4c2e53,995c1e79
11,022091b3,960cae83,1f4c2e53,f30c01b9
12,0220a1b3,960cae83,1f4c2e53,f30c01b9
13,0220b1b3,960cae83,1f4c2e53,1258300c
14,60009193,960cae83,00000000,00000000
15,60109193,960cae83,00000000,00000000
16,60209193,960cae83,00000000,0000000e
17,602091b3,960cae83,1f4c2e53,741cb065
18,6020d1b3,960cae83,1f4c2e53,95d072c1
19,0a20c1b3,960cae83,1f4c2e53,960cae83
20,0a20e1b3,960cae83,1f4c2e53,1f4c2e53
21,0a20d1b3,960cae83,1f4c2e53,1f4c2e53
22,0a20f1b3,960cae83,1f4c2e53,960cae83
23,282091b3,960cae83,1f4c2e53,960cae83
24,482091b3,960cae83,1f4c2e53,9604ae83
25,4820d1b3,960cae83,1f4c2e53,00000001
26,0020818b,960cae83,1f4c2e53,ffffbf77
27,0020918b,960cae83,1f4c2e53,b558dcd6
28,0020a18b,960cae83,1f4c2e53,80c08080
29,0000b18b,960cae83,00000000,69f3517d
30,0000c18b,960cae83,00000000,ffffff80
0,002081b3,9e88c8c9,f4513288,92d9fb51
1,402081b3,9e88c8c9,f4513288,aa379641
2,002091b3,9e88c8c9,f4513288,88c8c900
3,0020a1b3,9e88c8c9,f4513288,00000001
4,0020b1b3,9e88c8c9,f4513288,00000001
5,0020c1b3,9e88c8c9,f4513288,6ad9fa41
6,0020d1b3,9e88c8c9,f4513288,009e88c8
7,4020d1b3,9e88c8c9,f4513288,ff9e88c8
8,0020e1b3,9e88c8c9,f4513288,fed9fac9
9,0020f1b3,9e88c8c9,f4513288,94000088
10,022081b3,9e88c8c9,f4513288,0b7aecc8
11,022091b3,9e88c8c9,f4513288,0472aca1
12,0220a1b3,9e88c8c9,f4513288,a2fb756a
13,0220b1b3,9e88c8c9,f4513288,974ca7f2
14,60009193,9e88c8c9,00000000,00000000
15,60109193,9e88c8c9,00000000,00000000
16,60209193,9e88c8c9,00000000,0000000e
17,602091b3,9e88c8c9,f4513288,88c8c99e
18,6020d1b3,9e88c8c9,f4513288,c99e88c8
19,0a20c1b3,9e88c8c9,f4513288,9e88c8c9
20,0a20e1b3,9e88c8c9,f4513288,f4513288
21,0a20d1b3,9e88c8c9,f4513288,9e88c8c9
22,0a20f1b3,9e88c8c9,f4513288,f4513288
23,282091b3,9e88c8c9,f4513288,9e88c9c9
24,482091b3,9e88c8c9,f4513288,9e88c8c9
25,4820d1b3,9e88c8c9,f4513288,00000000
26,0020818b,9e88c8c9,f4513288,ffffed78
27,0020918b,9e88c8c9,f4513288,92d9fa80
28,0020a18b,9e88c8c9,f4513288,aa809641
29,0000b18b,9e88c8c9,00000000,61773737
30,0000c18b,9e88c8c9,00000000,ffffff80
0,002081b3,0c88aa90,1093d46e,1d1c7efe
1,402081b3,0c88aa90,1093d46e,fbf4d622
2,002091b3,0c88aa90,1093d46e,2aa40000
3,0020a1b3,0c88aa90,1093d46e,00000001
4,0020b1b3,0c88aa90,1093d46e,00000001
5,0020c1b3,0c88aa90,1093d46e,1c1b7efe
6,0020d1b3,0c88aa90,1093d46e,00003222
7,4020d1b3,0c88aa90,1093d46e,00003222
8,0020e1b3,0c88aa90,1093d46e,1c9bfefe
9,0020f1b3,0c88aa90,1093d46e,00808000
10,022081b3,0c88aa90,1093d46e,80a889e0
11,022091b3,0c88aa90,1093d46e,00cfc789
12,0220a1b3,0c88aa90,1093d46e,00cfc789
13,0220b1b3,0c88aa90,1093d46e,00cfc789
14,60009193,0c88aa90,00000000,00000004
15,60109193,0c88aa90,00000000,00000004
16,60209193,0c88aa90,00000000,0000000a
17,602091b3,0c88aa90,1093d46e,2aa40322
18,6020d1b3,0c88aa90,1093d46e,aa403222
19,0a20c1b3,0c88aa90,1093d46e,0c88aa90
20,0a20e1b3,0c88aa90,1093d46e,1093d46e
21,0a20d1b3,0c88aa90,1093d46e,0c88aa90
22,0a20f1b3,0c88aa90,1093d46e,1093d46e
23,282091b3,0c88aa90,1093d46e,0c88ea90
24,482091b3,0c88aa90,1093d46e,0c88aa90
25,4820d1b3,0c88aa90,1093d46e,00000000
26,0020818b,0c88aa90,1093d46e,00001280
27,0020918b,0c88aa90,1093d46e,1c8080fe
28,0020a18b,0c88aa90,1093d46e,fcf5d680
29,0000b18b,0c88aa90,00000000,0c88aa90
30,0000c18b,0c88aa90,00000000,0000007f
0,002081b3,d2fce45a,d96a79a9,ac675e03
1,402081b3,d2fce45a,d96a79a9,f9926ab1
2,002091b3,d2fce45a,d96a79a9,f9c8b400
3,0020a1b3,d2fce45a,d96a79a9,00000001
4,0020b1b3,d2fce45a,d96a79a9,00000001
5,0020c1b3,d2fce45a,d96a79a9,0b969df3
6,0020d1b3,d2fce45a,d96a79a9,00697e72
7,4020d1b3,d2fce45a,d96a79a9,ffe97e72
8,0020e1b3,d2fce45a,d96a79a9,dbfefdfb
9,0020f1b3,d2fce45a,d96a79a9,d0686008
10,022081b3,d2fce45a,d96a79a9,a825496a
11,022091b3,d2fce45a,d96a79a9,06c8c088
12,0220a1b3,d2fce45a,d96a79a9,d9c5a4e2
13,0220b1b3,d2fce45a,d96a79a9,b3301e8b
14,60009193,d2fce45a,00000000,00000000
15,60109193,d2fce45a,00000000,00000001
16,60209193,d2fce45a,00000000,00000012
17,602091b3,d2fce45a,d96a79a9,f9c8b5a5
18,6020d1b3,d2fce45a,d96a79a9,2d697e72
19,0a20c1b3,d2fce45a,d96a79a9,d2fce45a
20,0a20e1b3,d2fce45a,d96a79a9,d96a79a9
21,0a20d1b3,d2fce45a,d96a79a9,d2fce45a
22,0a20f1b3,d2fce45a,d96a79a9,d96a79a9
23,282091b3,d2fce45a,d96a79a9,d2fce65a
24,482091b3,d2fce45a,d96a79a9,d2fce45a
25,4820d1b3,d2fce45a,d96a79a9,00000000
26,0020818b,d2fce45a,d96a79a9,ffffd988
27,0020918b,d2fce45a,d96a79a9,ab665d03
28,0020a18b,d2fce45a,d96a79a9,f992807f
29,0000b18b,d2fce45a,00000000,2d031ba6
30,0000c18b,d2fce45a,00000000,ffffff80
0,002081b3,2f068eff,3d86e8f1,6c8d77f0
1,402081b3,2f068eff,3d86e8f1,f17fa60e
2,002091b3,2f068eff,3d86e8f1,1dfe0000
3,0020a1b3,2f068eff,3d86e8f1,00000001
4,0020b1b3,2f068eff,3d86e8f1,00000001
5,0020c1b3,2f068eff,3d86e8f1,1280660e
6,0020d1b3,2f068eff,3d86e8f1,00001783
7,4020d1b3,2f068eff,3d86e8f1,00001783
8,0020e1b3,2f068eff,3d86e8f1,3f86eeff
9,0020f1b3,2f068eff,3d86e8f1,2d0688f1
10,022081b3,2f068eff,3d86e8f1,d33db60f
11,022091b3,2f068eff,3d86e8f1,0b4d584b
12,0220a1b3,2f068eff,3d86e8f1,0b4d584b
13,0220b1b3,2f068eff,3d86e8f1,0b4d584b
14,60009193,2f068eff,00000000,00000002
15,60109193,2f068eff,00000000,00000000
16,60209193,2f068eff,00000000,00000013
17,602091b3,2f068eff,3d86e8f1,1dfe5e0d
18,6020d1b3,2f068eff,3d86e8f1,477f9783
19,0a20c1b3,2f068eff,3d86e8f1,2f068eff
20,0a20e1b3,2f068eff,3d86e8f1,3d86e8f1
21,0a20d1b3,2f068eff,3d86e8f1,2f068eff
22,0a20f1b3,2f068eff,3d86e8f1,3d86e8f1
23,282091b3,2f068eff,3d86e8f1,2f068eff
24,482091b3,2f068eff,3d86e8f1,2f048eff
25,4820d1b3,2f068eff,3d86e8f1,00000001
26,0020818b,2f068eff,3d86e8f1,00001316
27,0020918b,2f068eff,3d86e8f1,6c8c80f0
28,0020a18b,2f068eff,3d86e8f1,f27fa60e
29,0000b18b,2f068eff,00000000,2f068eff
30,0000c18b,2f068eff,00000000,0000007f
0,002081b3,0848a85a,18432d95,208bd5ef
1,402081b3,0848a85a,18432d95,f0057ac5
2,002091b3,0848a85a,18432d95,0b400000
3,0020a1b3,0848a85a,18432d95,00000001
4,0020b1b3,0848a85a,18432d95,00000001
5,0020c1b3,0848a85a,18432d95,100b85cf
6,0020d1b3,0848a85a,18432d95,00000042
7,4020d1b3,0848a85a,18432d95,00000042
8,0020e1b3,0848a85a,18432d95,184baddf
9,0020f1b3,0848a85a,18432d95,08402810
10,022081b3,0848a85a,18432d95,176fce62
11,022091b3,0848a85a,18432d95,00c8fc46
12,0220a1b3,0848a85a,18432d95,00c8fc46
13,0220b1b3,0848a85a,18432d95,00c8fc46
14,60009193,0848a85a,00000000,00000004
15,60109193,0848a85a,00000000,00000001
16,60209193,0848a85a,00000000,0000000a
17,602091b3,0848a85a,18432d95,0b410915
18,6020d1b3,0848a85a,18432d95,4542d042
19,0a20c1b3,0848a85a,18432d95,0848a85a
20,0a20e1b3,0848a85a,18432d95,18432d95
21,0a20d1b3,0848a85a,18432d95,0848a85a
22,0a20f1b3,0848a85a,18432d95,18432d95
23,282091b3,0848a85a,18432d95,0868a85a
24,482091b3,0848a85a,18432d95,0848a85a
25,4820d1b3,0848a85a,18432d95,00000000
26,0020818b,0848a85a,18432d95,ffffde82
27,0020918b,0848a85a,18432d95,207fd5ef
28,0020a18b,0848a85a,18432d95,f005807f
29,0000b18b,0848a85a,00000000,0848a85a
30,0000c18b,0848a85a,00000000,0000007f
0,002081b3,10d67a24,d6ef1632,e7c59056
1,402081b3,10d67a24,d6ef1632,39e763f2
2,002091b3,10d67a24,d6ef1632,e8900000
3,0020a1b3,10d67a24,d6ef1632,00000000
4,0020b1b3,10d67a24,d6ef1632,00000001
5,0020c1b3,10d67a24,d6ef1632,c6396c16
6,0020d1b3,10d67a24,d6ef1632,00000435
7,4020d1b3,10d67a24,d6ef1632,00000435
8,0020e1b3,10d67a24,d6ef1632,d6ff7e36
9,0020f1b3,10d67a24,d6ef1632,10c61220
10,022081b3,10d67a24,d6ef1632,d7fef308
11,022091b3,10d67a24,d6ef1632,fd4c89a7
12,0220a1b3,10d67a24,d6ef1632,0e2303cb
13,0220b1b3,10d67a24,d6ef1632,0e2303cb
14,60009193,10d67a24,00000000,00000003
15,60109193,10d67a24,00000000,00000002
16,60209193,10d67a24,00000000,0000000d
17,602091b3,10d67a24,d6ef1632,e8904359
18,6020d1b3,10d67a24,d6ef1632,9e890435
19,0a20c1b3,10d67a24,d6ef1632,d6ef1632
20,0a20e1b3,10d67a24,d6ef1632,10d67a24
21,0a20d1b3,10d67a24,d6ef1632,10d67a24
22,0a20f1b3,10d67a24,d6ef1632,d6ef1632
23,282091b3,10d67a24,d6ef1632,10d67a24
24,482091b3,10d67a24,d6ef1632,10d27a24
25,4820d1b3,10d67a24,d6ef1632,00000001
26,0020818b,10d67a24,d6ef1632,000011ae
27,0020918b,10d67a24,d6ef1632,e6c57f56
28,0020a18b,10d67a24,d6ef1632,3ae764f2
29,0000b18b,10d67a24,00000000,10d67a24
30,0000c18b,10d67a24,00000000,0000007f
0,002081b3,9e96fbf8,e423769c,82ba7294
1,402081b3,9e96fbf8,e423769c,ba73855c
2,002091b3,9e96fbf8,e423769c,80000000
3,0020a1b3,9e96fbf8,e423769c,00000001
4,0020b1b3,9e96fbf8,e423769c,00000001
5,0020c1b3,9e96fbf8,e423769c,7ab58d64
6,0020d1b3,9e96fbf8,e423769c,00000009
7,4020d1b3,9e96fbf8,e423769c,fffffff9
8,0020e1b3,9e96fbf8,e423769c,feb7fffc
9,0020f1b3,9e96fbf8,e423769c,84027298
10,022081b3,9e96fbf8,e423769c,8f0ddb20
11,022091b3,9e96fbf8,e423769c,0a99fdf3
12,0220a1b3,9e96fbf8,e423769c,a930f9eb
13,0220b1b3,9e96fbf8,e423769c,8d547087
14,60009193,9e96fbf8,00000000,00000000
15,60109193,9e96fbf8,00000000,00000003
16,60209193,9e96fbf8,00000000,00000015
17,602091b3,9e96fbf8,e423769c,89e96fbf
18,6020d1b3,9e96fbf8,e423769c,e96fbf89
19,0a20c1b3,9e96fbf8,e423769c,9e96fbf8
20,0a20e1b3,9e96fbf8,e423769c,e423769c
21,0a20d1b3,9e96fbf8,e423769c,9e96fbf8
22,0a20f1b3,9e96fbf8,e423769c,e423769c
23,282091b3,9e96fbf8,e423769c,9e96fbf8
24,482091b3,9e96fbf8,e423769c,8e96fbf8
25,4820d1b3,9e96fbf8,e423769c,00000001
26,0020818b,9e96fbf8,e423769c,fffffd0c
27,0020918b,9e96fbf8,e423769c,82b97194
28,0020a18b,9e96fbf8,e423769c,ba80855c
29,0000b18b,9e96fbf8,00000000,61690408
30,0000c18b,9e96fbf8,00000000,ffffff80
0,002081b3,a63ec718,a56ebf2a,4bad8642
1,402081b3,a63ec718,a56ebf2a,00d007ee
2,002091b3,a63ec718,a56ebf2a,fb1c6000
3,0020a1b3,a63ec718,a56ebf2a,00000000
4,0020b1b3,a63ec718,a56ebf2a,00000000
5,0020c1b3,a63ec718,a56ebf2a,03507832
6,0020d1b3,a63ec718,a56ebf2a,00298fb1
7,4020d1b3,a63ec718,a56ebf2a,ffe98fb1
8,0020e1b3,a63ec718,a56ebf2a,a77eff3a
9,0020f1b3,a63ec718,a56ebf2a,a42e8708
10,022081b3,a63ec718,a56ebf2a,212791f0
11,022091b3,a63ec718,a56ebf2a,1fc0db2e
12,0220a1b3,a63ec718,a56ebf2a,c5ffa246
13,0220b1b3,a63ec718,a56ebf2a,6b6e6170
14,60009193,a63ec718,00000000,00000000
15,60109193,a63ec718,00000000,00000003
16,60209193,a63ec718,00000000,00000010
17,602091b3,a63ec718,a56ebf2a,fb1c6298
18,6020d1b3,a63ec718,a56ebf2a,c6298fb1
19,0a20c1b3,a63ec718,a56ebf2a,a56ebf2a
20,0a20e1b3,a63ec718,a56ebf2a,a63ec718
21,0a20d1b3,a63ec718,a56ebf2a,a56ebf2a
22,0a20f1b3,a63ec718,a56ebf2a,a63ec718
23,282091b3,a63ec718,a56ebf2a,a63ec718
24,482091b3,a63ec718,a56ebf2a,a63ec318
25,4820d1b3,a63ec718,a56ebf2a,00000001
26,0020818b,a63ec718,a56ebf2a,00004d0b
27,0020918b,a63ec718,a56ebf2a,807f8642
28,0020a18b,a63ec718,a56ebf2a,01d008ee
29,0000b18b,a63ec718,00000000,59c138e8
30,0000c18b,a63ec718,00000000,ffffff80
0,002081b3,afc8d416,c9a1678d,796a3ba3
1,402081b3,afc8d416,c9a1678d,e6276c89
2,002091b3,afc8d416,c9a1678d,1a82c000
3,0020a1b3,afc8d416,c9a1678d,00000001
4,0020b1b3,afc8d416,c9a1678d,00000001
5,0020c1b3,afc8d416,c9a1678d,6669b39b
6,0020d1b3,afc8d416,c9a1678d,00057e46
7,4020d1b3,afc8d416,c9a1678d,fffd7e46
8,0020e1b3,afc8d416,c9a1678d,efe9f79f
9,0020f1b3,afc8d416,c9a1678d,89804404
10,022081b3,afc8d416,c9a1678d,46c7aa1e
11,022091b3,afc8d416,c9a1678d,1109474a
12,0220a1b3,afc8d416,c9a1678d,c0d21b60
13,0220b1b3,afc8d416,c9a1678d,8a7382ed
14,60009193,afc8d416,00000000,00000000
15,60109193,afc8d416,00000000,00000001
16,60209193,afc8d416,00000000,00000010
17,602091b3,afc8d416,c9a1678d,1a82d5f9
18,6020d1b3,afc8d416,c9a1678d,a0b57e46
19,0a20c1b3,afc8d416,c9a1678d,afc8d416
20,0a20e1b3,afc8d416,c9a1678d,c9a1678d
21,0a20d1b3,afc8d416,c9a1678d,afc8d416
22,0a20f1b3,afc8d416,c9a1678d,c9a1678d
23,282091b3,afc8d416,c9a1678d,afc8f416
24,482091b3,afc8d416,c9a1678d,afc8d416
25,4820d1b3,afc8d416,c9a1678d,00000000
26,0020818b,afc8d416,c9a1678d,00000a99
27,0020918b,afc8d416,c9a1678d,80803ba3
28,0020a18b,afc8d416,c9a1678d,e627807f
29,0000b18b,afc8d416,00000000,50372bea
30,0000c18b,afc8d416,00000000,ffffff80
0,002081b3,0d26d166,e8797297,f5a043fd
1,402081b3,0d26d166,e8797297,24ad5ecf
2,002091b3,0d26d166,e8797297,b3000000
3,0020a1b3,0d26d166,e8797297,00000000
4,0020b1b3,0d26d166,e8797297,00000001
5,0020c1b3,0d26d166,e8797297,e55fa3f1
6,0020d1b3,0d26d166,e8797297,0000001a
7,4020d1b3,0d26d166,e8797297,0000001a
8,0020e1b3,0d26d166,e8797297,ed7ff3f7
9,0020f1b3,0d26d166,e8797297,08205006
10,022081b3,0d26d166,e8797297,745aef2a
11,022091b3,0d26d166,e8797297,feca999a
12,0220a1b3,0d26d166,e8797297,0bf16b00
13,0220b1b3,0d26d166,e8797297,0bf16b00
14,60009193,0d26d166,00000000,00000004
15,60109193,0d26d166,00000000,00000001
16,60209193,0d26d166,00000000,0000000e
17,602091b3,0d26d166,e8797297,b3069368
18,6020d1b3,0d26d166,e8797297,4da2cc1a
19,0a20c1b3,0d26d166,e8797297,e8797297
20,0a20e1b3,0d26d166,e8797297,0d26d166
21,0a20d1b3,0d26d166,e8797297,0d26d166
22,0a20f1b3,0d26d166,e8797297,e8797297
23,282091b3,0d26d166,e8797297,0da6d166
24,482091b3,0d26d166,e8797297,0d26d166
25,4820d1b3,0d26d166,e8797297,00000000
26,0020818b,0d26d166,e8797297,ffffd1fa
27,0020918b,0d26d166,e8797297,f57f43fd
28,0020a18b,0d26d166,e8797297,25ad807f
29,0000b18b,0d26d166,00000000,0d26d166
30,0000c18b,0d26d166,00000000,0000007f
0,002081b3,7a46f870,d0dd9e15,4b249685
1,402081b3,7a46f870,d0dd9e15,a9695a5b
2,002091b3,7a46f870,d0dd9e15,0e000000
3,0020a1b3,7a46f870,d0dd9e15,00000000
4,0020b1b3,7a46f870,d0dd9e15,00000001
5,0020c1b3,7a46f870,d0dd9e15,aa9b6665
6,0020d1b3,7a46f870,d0dd9e15,000003d2
7,4020d1b3,7a46f870,d0dd9e15,000003d2
8,0020e1b3,7a46f870,d0dd9e15,fadffe75
9,0020f1b3,7a46f870,d0dd9e15,50449810
10,022081b3,7a46f870,d0dd9e15,4dd78130
11,022091b3,7a46f870,d0dd9e15,e97c8c31
12,0220a1b3,7a46f870,d0dd9e15,63c384a1
13,0220b1b3,7a46f870,d0dd9e15,63c384a1
14,60009193,7a46f870,00000000,00000001
15,60109193,7a46f870,00000000,00000004
16,60209193,7a46f870,00000000,00000010
17,602091b3,7a46f870,d0dd9e15,0e0f48df
18,6020d1b3,7a46f870,d0dd9e15,37c383d2
19,0a20c1b3,7a46f870,d0dd9e15,d0dd9e15
20,0a20e1b3,7a46f870,d0dd9e15,7a46f870
21,0a20d1b3,7a46f870,d0dd9e15,7a46f870
22,0a20f1b3,7a46f870,d0dd9e15,d0dd9e15
23,282091b3,7a46f870,d0dd9e15,7a66f870
24,482091b3,7a46f870,d0dd9e15,7a46f870
25,4820d1b3,7a46f870,d0dd9e15,00000000
26,0020818b,7a46f870,d0dd9e15,ffffebce
27,0020918b,7a46f870,d0dd9e15,4a23967f
28,0020a18b,7a46f870,d0dd9e15,7f695a5b
29,0000b18b,7a46f870,00000000,7a46f870
30,0000c18b,7a46f870,00000000,0000007f
0,002081b3,d0d5ad15,1c62175a,ed37c46f
1,402081b3,d0d5ad15,1c62175a,b47395bb
2,002091b3,d0d5ad15,1c62175a,54000000
3,0020a1b3,d0d5ad15,1c62175a,00000001
4,0020b1b3,d0d5ad15,1c62175a,00000000
5,0020c1b3,d0d5ad15,1c62175a,ccb7ba4f
6,0020d1b3,d0d5ad15,1c62175a,00000034
7,4020d1b3,d0d5ad15,1c62175a,fffffff4
8,0020e1b3,d0d5ad15,1c62175a,dcf7bf5f
9,0020f1b3,d0d5ad15,1c62175a,10400510
10,022081b3,d0d5ad15,1c62175a,2bb5bc62
11,022091b3,d0d5ad15,1c62175a,fac54c6d
12,0220a1b3,d0d5ad15,1c62175a,fac54c6d
13,0220b1b3,d0d5ad15,1c62175a,172763c7
14,60009193,d0d5ad15,00000000,00000000
15,60109193,d0d5ad15,00000000,00000000
16,60209193,d0d5ad15,00000000,00000010
17,602091b3,d0d5ad15,1c62175a,574356b4
18,6020d1b3,d0d5ad15,1c62175a,356b4574
19,0a20c1b3,d0d5ad15,1c62175a,d0d5ad15
20,0a20e1b3,d0d5ad15,1c62175a,1c62175a
21,0a20d1b3,d0d5ad15,1c62175a,1c62175a
22,0a20f1b3,d0d5ad15,1c62175a,d0d5ad15
23,282091b3,d0d5ad15,1c62175a,d4d5ad15
24,482091b3,d0d5ad15,1c62175a,d0d5ad15
25,4820d1b3,d0d5ad15,1c62175a,00000000
26,0020818b,d0d5ad15,1c62175a,ffffea37
27,0020918b,d0d5ad15,1c62175a,ec37c46f
28,0020a18b,d0d5ad15,1c62175a,b48096bb
29,0000b18b,d0d5ad15,00000000,2f2a52eb
30,0000c18b,d0d5ad15,00000000,ffffff80
0,002081b3,dea2f80a,247cbf1d,031fb727
1,402081b3,dea2f80a,247cbf1d,ba2638ed
2,002091b3,dea2f80a,247cbf1d,40000000
3,0020a1b3,dea2f80a,247cbf1d,00000001
4,0020b1b3,dea2f80a,247cbf1d,00000000
5,0020c1b3,dea2f80a,247cbf1d,fade4717
6,0020d1b3,dea2f80a,247cbf1d,00000006
7,4020d1b3,dea2f80a,247cbf1d,fffffffe
8,0020e1b3,dea2f80a,247cbf1d,fefeff1f
9,0020f1b3,dea2f80a,247cbf1d,0420b808
10,022081b3,dea2f80a,247cbf1d,5c5d8f22
11,022091b3,dea2f80a,247cbf1d,fb3ea8e9
12,0220a1b3,dea2f80a,247cbf1d,fb3ea8e9
13,0220b1b3,dea2f80a,247cbf1d,1fbb6806
14,60009193,dea2f80a,00000000,00000000
15,60109193,dea2f80a,00000000,00000001
16,60209193,dea2f80a,00000000,00000010
17,602091b3,dea2f80a,247cbf1d,5bd45f01
18,6020d1b3,dea2f80a,247cbf1d,f517c056
19,0a20c1b3,dea2f80a,247cbf1d,dea2f80a
20,0a20e1b3,dea2f80a,247cbf1d,247cbf1d
21,0a20d1b3,dea2f80a,247cbf1d,247cbf1d
22,0a20f1b3,dea2f80a,247cbf1d,dea2f80a
23,282091b3,dea2f80a,247cbf1d,fea2f80a
24,482091b3,dea2f80a,247cbf1d,dea2f80a
25,4820d1b3,dea2f80a,247cbf1d,00000000
26,0020818b,dea2f80a,247cbf1d,ffffd0da
27,0020918b,dea2f80a,247cbf1d,021eb727
28,0020a18b,dea2f80a,247cbf1d,ba8039ed
29,0000b18b,dea2f80a,00000000,215d07f6
30,0000c18b,dea2f80a,00000000,ffffff80
0,002081b3,47417c51,b1245c5b,f865d8ac
1,402081b3,47417c51,b1245c5b,961d1ff6
2,002091b3,47417c51,b1245c5b,88000000
3,0020a1b3,47417c51,b1245c5b,00000000
4,0020b1b3,47417c51,b1245c5b,00000001
5,0020c1b3,47417c51,b1245c5b,f665200a
6,0020d1b3,47417c51,b1245c5b,00000008
7,4020d1b3,47417c51,b1245c5b,00000008
8,0020e1b3,47417c51,b1245c5b,f7657c5b
9,0020f1b3,47417c51,b1245c5b,01005c51
10,022081b3,47417c51,b1245c5b,59584ccb
11,022091b3,47417c51,b1245c5b,ea0ce98d
12,0220a1b3,47417c51,b1245c5b,314e65de
13,0220b1b3,47417c51,b1245c5b,314e65de
14,60009193,47417c51,00000000,00000001
15,60109193,47417c51,00000000,00000000
16,60209193,47417c51,00000000,0000000e
17,602091b3,47417c51,b1245c5b,8a3a0be2
18,6020d1b3,47417c51,b1245c5b,e82f8a28
19,0a20c1b3,47417c51,b1245c5b,b1245c5b
20,0a20e1b3,47417c51,b1245c5b,47417c51
21,0a20d1b3,47417c51,b1245c5b,47417c51
22,0a20f1b3,47417c51,b1245c5b,b1245c5b
23,282091b3,47417c51,b1245c5b,4f417c51
24,482091b3,47417c51,b1245c5b,47417c51
25,4820d1b3,47417c51,b1245c5b,00000000
26,0020818b,47417c51,b1245c5b,00003c96
27,0020918b,47417c51,b1245c5b,f8657f7f
28,0020a18b,47417c51,b1245c5b,7f1d20f6
29,0000b18b,47417c51,00000000,47417c51
30,0000c18b,47417c51,00000000,0000007f
0,002081b3,e40108cf,bc02c29f,a003cb6e
1,402081b3,e40108cf,bc02c29f,27fe4630
2,002091b3,e40108cf,bc02c29f,80000000
3,0020a1b3,e40108cf,bc02c29f,00000000
4,0020b1b3,e40108cf,bc02c29f,00000000
5,0020c1b3,e40108cf,bc02c29f,5803ca50
6,0020d1b3,e40108cf,bc02c29f,00000001
7,4020d1b3,e40108cf,bc02c29f,ffffffff
8,0020e1b3,e40108cf,bc02c29f,fc03cadf
9,0020f1b3,e40108cf,bc02c29f,a400008f
10,022081b3,e40108cf,bc02c29f,7aef5691
11,022091b3,e40108cf,bc02c29f,076f6c62
12,0220a1b3,e40108cf,bc02c29f,eb707531
13,0220b1b3,e40108cf,bc02c29f,a77337d0
14,60009193,e40108cf,00000000,00000000
15,60109193,e40108cf,00000000,00000000
16,60209193,e40108cf,00000000,0000000c
17,602091b3,e40108cf,bc02c29f,f2008467
18,6020d1b3,e40108cf,bc02c29f,c802119f
19,0a20c1b3,e40108cf,bc02c29f,bc02c29f
20,0a20e1b3,e40108cf,bc02c29f,e40108cf
21,0a20d1b3,e40108cf,bc02c29f,bc02c29f
22,0a20f1b3,e40108cf,bc02c29f,e40108cf
23,282091b3,e40108cf,bc02c29f,e40108cf
24,482091b3,e40108cf,bc02c29f,640108cf
25,4820d1b3,e40108cf,bc02c29f,00000001
26,0020818b,e40108cf,bc02c29f,00001813
27,0020918b,e40108cf,bc02c29f,a003ca80
28,0020a18b,e40108cf,bc02c29f,28ff4630
29,0000b18b,e40108cf,00000000,1bfef731
30,0000c18b,e40108cf,00000000,ffffff80
0,002081b3,f0210c21,6dbf23a5,5de02fc6
1,402081b3,f0210c21,6dbf23a5,8261e87c
2,002091b3,f0210c21,6dbf23a5,04218420
3,0020a1b3,f0210c21,6dbf23a5,00000001
4,0020b1b3,f0210c21,6dbf23a5,00000000
5,0020c1b3,f0210c21,6dbf23a5,9d9e2f84
6,0020d1b3,f0210c21,6dbf23a5,07810861
7,4020d1b3,f0210c21,6dbf23a5,ff810861
8,0020e1b3,f0210c21,6dbf23a5,fdbf2fa5
9,0020f1b3,f0210c21,6dbf23a5,60210021
10,022081b3,f0210c21,6dbf23a5,63945445
11,022091b3,f0210c21,6dbf23a5,f932389c
12,0220a1b3,f0210c21,6dbf23a5,f932389c
13,0220b1b3,f0210c21,6dbf23a5,66f15c41
14,60009193,f0210c21,00000000,00000000
15,60109193,f0210c21,00000000,00000000
16,60209193,f0210c21,00000000,0000000a
17,602091b3,f0210c21,6dbf23a5,0421843e
18,6020d1b3,f0210c21,6dbf23a5,0f810861
19,0a20c1b3,f0210c21,6dbf23a5,f0210c21
20,0a20e1b3,f0210c21,6dbf23a5,6dbf23a5
21,0a20d1b3,f0210c21,6dbf23a5,6dbf23a5
22,0a20f1b3,f0210c21,6dbf23a5,f0210c21
23,282091b3,f0210c21,6dbf23a5,f0210c21
24,482091b3,f0210c21,6dbf23a5,f0210c01
25,4820d1b3,f0210c21,6dbf23a5,00000001
26,0020818b,f0210c21,6dbf23a5,ffffe6b8
27,0020918b,f0210c21,6dbf23a5,5de02fc6
28,0020a18b,f0210c21,6dbf23a5,8362e97c
29,0000b18b,f0210c21,00000000,0fdef3df
30,0000c18b,f0210c21,00000000,ffffff80
0,002081b3,3c0ada97,07273b09,433215a0
1,402081b3,3c0ada97,07273b09,34e39f8e
2,002091b3,3c0ada97,07273b09,15b52e00
3,0020a1b3,3c0ada97,07273b09,00000000
4,0020b1b3,3c0ada97,07273b09,00000000
5,0020c1b3,3c0ada97,07273b09,3b2de19e
6,0020d1b3,3c0ada97,07273b09,001e056d
7,4020d1b3,3c0ada97,07273b09,001e056d
8,0020e1b3,3c0ada97,07273b09,3f2ffb9f
9,0020f1b3,3c0ada97,07273b09,04021a01
10,022081b3,3c0ada97,07273b09,0ac37c4f
11,022091b3,3c0ada97,07273b09,01ad7f7a
12,0220a1b3,3c0ada97,07273b09,01ad7f7a
13,0220b1b3,3c0ada97,07273b09,01ad7f7a
14,60009193,3c0ada97,00000000,00000002
15,60109193,3c0ada97,00000000,00000000
16,60209193,3c0ada97,00000000,00000010
17,602091b3,3c0ada97,07273b09,15b52e78
18,6020d1b3,3c0ada97,07273b09,4b9e056d
19,0a20c1b3,3c0ada97,07273b09,07273b09
20,0a20e1b3,3c0ada97,07273b09,3c0ada97
21,0a20d1b3,3c0ada97,07273b09,07273b09
22,0a20f1b3,3c0ada97,07273b09,3c0ada97
23,282091b3,3c0ada97,07273b09,3c0ada97
24,482091b3,3c0ada97,07273b09,3c0ad897
25,4820d1b3,3c0ada97,07273b09,00000001
26,0020818b,3c0ada97,07273b09,fffff6b7
27,0020918b,3c0ada97,07273b09,433115a0
28,0020a18b,3c0ada97,07273b09,35e39f8e
29,0000b18b,3c0ada97,00000000,3c0ada97
30,0000c18b,3c0ada97,00000000,0000007f
0,002081b3,12d00b04,3a29bd3f,4cf9c843
1,402081b3,12d00b04,3a29bd3f,d8a64dc5
2,002091b3,12d00b04,3a29bd3f,00000000
3,0020a1b3,12d00b04,3a29bd3f,00000001
4,0020b1b3,12d00b04,3a29bd3f,00000001
5,0020c1b3,12d00b04,3a29bd3f,28f9b63b
6,0020d1b3,12d00b04,3a29bd3f,00000000
7,4020d1b3,12d00b04,3a29bd3f,00000000
8,0020e1b3,12d00b04,3a29bd3f,3af9bf3f
9,0020f1b3,12d00b04,3a29bd3f,12000904
10,022081b3,12d00b04,3a29bd3f,e4f8a9fc
11,022091b3,12d00b04,3a29bd3f,044633b8
12,0220a1b3,12d00b04,3a29bd3f,044633b8
13,0220b1b3,12d00b04,3a29bd3f,044633b8
14,60009193,12d00b04,00000000,00000003
15,60109193,12d00b04,00000000,00000002
16,60209193,12d00b04,00000000,00000009
17,602091b3,12d00b04,3a29bd3f,09680582
18,6020d1b3,12d00b04,3a29bd3f,25a01608
19,0a20c1b3,12d00b04,3a29bd3f,12d00b04
20,0a20e1b3,12d00b04,3a29bd3f,3a29bd3f
21,0a20d1b3,12d00b04,3a29bd3f,12d00b04
22,0a20f1b3,12d00b04,3a29bd3f,3a29bd3f
23,282091b3,12d00b04,3a29bd3f,92d00b04
24,482091b3,12d00b04,3a29bd3f,12d00b04
25,4820d1b3,12d00b04,3a29bd3f,00000000
26,0020818b,12d00b04,3a29bd3f,fffffa7f
27,0020918b,12d00b04,3a29bd3f,4cf9c843
28,0020a18b,12d00b04,3a29bd3f,d8a74ec5
29,0000b18b,12d00b04,00000000,12d00b04
30,0000c18b,12d00b04,00000000,0000007f
0,002081b3,cfa30bbe,bdd5d899,8d78e457
1,402081b3,cfa30bbe,bdd5d899,11cd3325
2,002091b3,cfa30bbe,bdd5d899,7c000000
3,0020a1b3,cfa30bbe,bdd5d899,00000000
4,0020b1b3,cfa30bbe,bdd5d899,00000000
5,0020c1b3,cfa30bbe,bdd5d899,7276d327
6,0020d1b3,cfa30bbe,bdd5d899,00000067
7,4020d1b3,cfa30bbe,bdd5d899,ffffffe7
8,0020e1b3,cfa30bbe,bdd5d899,fff7dbbf
9,0020f1b3,cfa30bbe,bdd5d899,8d810898
10,022081b3,cfa30bbe,bdd5d899,b570548e
11,022091b3,cfa30bbe,bdd5d899,0c7fedaa
12,0220a1b3,cfa30bbe,bdd5d899,dc22f968
13,0220b1b3,cfa30bbe,bdd5d899,99f8d201
14,60009193,cfa30bbe,00000000,00000000
15,60109193,cfa30bbe,00000000,00000001
16,60209193,cfa30bbe,00000000,00000013
17,602091b3,cfa30bbe,bdd5d899,7d9f4617
18,6020d1b3,cfa30bbe,bdd5d899,d185df67
19,0a20c1b3,cfa30bbe,bdd5d899,bdd5d899
20,0a20e1b3,cfa30bbe,bdd5d899,cfa30bbe
21,0a20d1b3,cfa30bbe,bdd5d899,bdd5d899
22,0a20f1b3,cfa30bbe,bdd5d899,cfa30bbe
23,282091b3,cfa30bbe,bdd5d899,cfa30bbe
24,482091b3,cfa30bbe,bdd5d899,cda30bbe
25,4820d1b3,cfa30bbe,bdd5d899,00000001
26,0020818b,cfa30bbe,bdd5d899,00003548
27,0020918b,cfa30bbe,bdd5d899,8c80e380
28,0020a18b,cfa30bbe,bdd5d899,12ce3325
29,0000b18b,cfa30bbe,00000000,305cf442
30,0000c18b,cfa30bbe,00000000,ffffff80
0,002081b3,64308c29,539a1d5f,b7caa988
1,402081b3,64308c29,539a1d5f,10966eca
2,002091b3,64308c29,539a1d5f,80000000
3,0020a1b3,64308c29,539a1d5f,00000000
4,0020b1b3,64308c29,539a1d5f,00000000
5,0020c1b3,64308c29,539a1d5f,37aa9176
6,0020d1b3,64308c29,539a1d5f,00000000
7,4020d1b3,64308c29,539a1d5f,00000000
8,0020e1b3,64308c29,539a1d5f,77ba9d7f
9,0020f1b3,64308c29,539a1d5f,40100c09
10,022081b3,64308c29,539a1d5f,498ea837
11,022091b3,64308c29,539a1d5f,20b80e24
12,0220a1b3,64308c29,539a1d5f,20b80e24
13,0220b1b3,64308c29,539a1d5f,20b80e24
14,60009193,64308c29,00000000,00000001
15,60109193,64308c29,00000000,00000000
16,60209193,64308c29,00000000,0000000b
17,602091b3,64308c29,539a1d5f,b2184614
18,6020d1b3,64308c29,539a1d5f,c8611852
19,0a20c1b3,64308c29,539a1d5f,539a1d5f
20,0a20e1b3,64308c29,539a1d5f,64308c29
21,0a20d1b3,64308c29,539a1d5f,539a1d5f
22,0a20f1b3,64308c29,539a1d5f,64308c29
23,282091b3,64308c29,539a1d5f,e4308c29
24,482091b3,64308c29,539a1d5f,64308c29
25,4820d1b3,64308c29,539a1d5f,00000000
26,0020818b,64308c29,539a1d5f,00000f5f
27,0020918b,64308c29,539a1d5f,7fcaa97f
28,0020a18b,64308c29,539a1d5f,117f80ca
29,0000b18b,64308c29,00000000,64308c29
30,0000c18b,64308c29,00000000,0000007f
0,002081b3,b4cbc622,18491d18,cd14e33a
1,402081b3,b4cbc622,18491d18,9c82a90a
2,002091b3,b4cbc622,18491d18,22000000
3,0020a1b3,b4cbc622,18491d18,00000001
4,0020b1b3,b4cbc622,18491d18,00000000
5,0020c1b3,b4cbc622,18491d18,ac82db3a
6,0020d1b3,b4cbc622,18491d18,000000b4
7,4020d1b3,b4cbc622,18491d18,ffffffb4
8,0020e1b3,b4cbc622,18491d18,bccbdf3a
9,0020f1b3,b4cbc622,18491d18,10490400
10,022081b3,b4cbc622,18491d18,b83e6d30
11,022091b3,b4cbc622,18491d18,f8dda022
12,0220a1b3,b4cbc622,18491d18,f8dda022
13,0220b1b3,b4cbc622,18491d18,1126bd3a
14,60009193,b4cbc622,00000000,00000000
15,60109193,b4cbc622,00000000,00000001
16,60209193,b4cbc622,00000000,0000000f
17,602091b3,b4cbc622,18491d18,22b4cbc6
18,6020d1b3,b4cbc622,18491d18,cbc622b4
19,0a20c1b3,b4cbc622,18491d18,b4cbc622
20,0a20e1b3,b4cbc622,18491d18,18491d18
21,0a20d1b3,b4cbc622,18491d18,18491d18
22,0a20f1b3,b4cbc622,18491d18,b4cbc622
23,282091b3,b4cbc622,18491d18,b5cbc622
24,482091b3,b4cbc622,18491d18,b4cbc622
25,4820d1b3,b4cbc622,18491d18,00000000
26,0020818b,b4cbc622,18491d18,ffffe661
27,0020918b,b4cbc622,18491d18,cc14e33a
28,0020a18b,b4cbc622,18491d18,9c82a90a
29,0000b18b,b4cbc622,00000000,4b3439de
30,0000c18b,b4cbc622,00000000,ffffff80
0,002081b3,c9cec25e,c6ea0018,90b8c276
1,402081b3,c9cec25e,c6ea0018,02e4c246
2,002091b3,c9cec25e,c6ea0018,5e000000
3,0020a1b3,c9cec25e,c6ea0018,00000000
4,0020b1b3,c9cec25e,c6ea0018,00000000
5,0020c1b3,c9cec25e,c6ea0018,0f24c246
6,0020d1b3,c9cec25e,c6ea0018,000000c9
7,4020d1b3,c9cec25e,c6ea0018,ffffffc9
8,0020e1b3,c9cec25e,c6ea0018,cfeec25e
9,0020f1b3,c9cec25e,c6ea0018,c0ca0018
10,022081b3,c9cec25e,c6ea0018,494e38d0
11,022091b3,c9cec25e,c6ea0018,0c159eef
12,0220a1b3,c9cec25e,c6ea0018,d5e4614d
13,0220b1b3,c9cec25e,c6ea0018,9cce6165
14,60009193,c9cec25e,00000000,00000000
15,60109193,c9cec25e,00000000,00000001
16,60209193,c9cec25e,00000000,00000011
17,602091b3,c9cec25e,c6ea0018,5ec9cec2
18,6020d1b3,c9cec25e,c6ea0018,cec25ec9
19,0a20c1b3,c9cec25e,c6ea0018,c6ea0018
20,0a20e1b3,c9cec25e,c6ea0018,c9cec25e
21,0a20d1b3,c9cec25e,c6ea0018,c6ea0018
22,0a20f1b3,c9cec25e,c6ea0018,c9cec25e
23,282091b3,c9cec25e,c6ea0018,c9cec25e
24,482091b3,c9cec25e,c6ea0018,c8cec25e
25,4820d1b3,c9cec25e,c6ea0018,00000001
26,0020818b,c9cec25e,c6ea0018,00001992
27,0020918b,c9cec25e,c6ea0018,8fb8c276
28,0020a18b,c9cec25e,c6ea0018,03e4c246
29,0000b18b,c9cec25e,00000000,36313da2
30,0000c18b,c9cec25e,00000000,ffffff80
0,002081b3,e1b9a6c4,07d827c1,e991ce85
1,402081b3,e1b9a6c4,07d827c1,d9e17f03
2,002091b3,e1b9a6c4,07d827c1,c3734d88
3,0020a1b3,e1b9a6c4,07d827c1,00000001
4,0020b1b3,e1b9a6c4,07d827c1,00000000
5,0020c1b3,e1b9a6c4,07d827c1,e6618105
6,0020d1b3,e1b9a6c4,07d827c1,70dcd362
7,4020d1b3,e1b9a6c4,07d827c1,f0dcd362
8,0020e1b3,e1b9a6c4,07d827c1,e7f9a7c5
9,0020f1b3,e1b9a6c4,07d827c1,019826c0
10,022081b3,e1b9a6c4,07d827c1,86be95c4
11,022091b3,e1b9a6c4,07d827c1,ff128380
12,0220a1b3,e1b9a6c4,07d827c1,ff128380
13,0220b1b3,e1b9a6c4,07d827c1,06eaab41
14,60009193,e1b9a6c4,00000000,00000000
15,60109193,e1b9a6c4,00000000,00000002
16,60209193,e1b9a6c4,00000000,00000010
17,602091b3,e1b9a6c4,07d827c1,c3734d89
18,6020d1b3,e1b9a6c4,07d827c1,70dcd362
19,0a20c1b3,e1b9a6c4,07d827c1,e1b9a6c4
20,0a20e1b3,e1b9a6c4,07d827c1,07d827c1
21,0a20d1b3,e1b9a6c4,07d827c1,07d827c1
22,0a20f1b3,e1b9a6c4,07d827c1,e1b9a6c4
23,282091b3,e1b9a6c4,07d827c1,e1b9a6c6
24,482091b3,e1b9a6c4,07d827c1,e1b9a6c4
25,4820d1b3,e1b9a6c4,07d827c1,00000000
26,0020818b,e1b9a6c4,07d827c1,00000b4d
27,0020918b,e1b9a6c4,07d827c1,e891cd85
28,0020a18b,e1b9a6c4,07d827c1,dae18003
29,0000b18b,e1b9a6c4,00000000,1e46593c
30,0000c18b,e1b9a6c4,00000000,ffffff80
0,002081b3,c5c4c9dd,0693dbf4,cc58a5d1
1,402081b3,c5c4c9dd,0693dbf4,bf30ede9
2,002091b3,c5c4c9dd,0693dbf4,9dd00000
3,0020a1b3,c5c4c9dd,0693dbf4,00000001
4,0020b1b3,c5c4c9dd,0693dbf4,00000000
5,0020c1b3,c5c4c9dd,0693dbf4,c3571229
6,0020d1b3,c5c4c9dd,0693dbf4,00000c5c
7,4020d1b3,c5c4c9dd,0693dbf4,fffffc5c
8,0020e1b3,c5c4c9dd,0693dbf4,c7d7dbfd
9,0020f1b3,c5c4c9dd,0693dbf4,0480c9d4
10,022081b3,c5c4c9dd,0693dbf4,f02775a4
11,022091b3,c5c4c9dd,0693dbf4,fe80fab2
12,0220a1b3,c5c4c9dd,0693dbf4,fe80fab2
13,0220b1b3,c5c4c9dd,0693dbf4,0514d6a6
14,60009193,c5c4c9dd,00000000,00000000
15,60109193,c5c4c9dd,00000000,00000000
16,60209193,c5c4c9dd,00000000,00000011
17,602091b3,c5c4c9dd,0693dbf4,9ddc5c4c
18,6020d1b3,c5c4c9dd,0693dbf4,4c9ddc5c
19,0a20c1b3,c5c4c9dd,0693dbf4,c5c4c9dd
20,0a20e1b3,c5c4c9dd,0693dbf4,0693dbf4
21,0a20d1b3,c5c4c9dd,0693dbf4,0693dbf4
22,0a20f1b3,c5c4c9dd,0693dbf4,c5c4c9dd
23,282091b3,c5c4c9dd,0693dbf4,c5d4c9dd
24,482091b3,c5c4c9dd,0693dbf4,c5c4c9dd
25,4820d1b3,c5c4c9dd,0693dbf4,00000000
26,0020818b,c5c4c9dd,0693dbf4,000021c1
27,0020918b,c5c4c9dd,0693dbf4,cb80a4d1
28,0020a18b,c5c4c9dd,0693dbf4,bf31eee9
29,0000b18b,c5c4c9dd,00000000,3a3b3623
30,0000c18b,c5c4c9dd,00000000,ffffff80
0,002081b3,52058f1e,599adb9f,aba06abd
1,402081b3,52058f1e,599adb9f,f86ab37f
2,002091b3,52058f1e,599adb9f,00000000
3,0020a1b3,52058f1e,599adb9f,00000001
4,0020b1b3,52058f1e,599adb9f,00000001
5,0020c1b3,52058f1e,599adb9f,0b9f5481
6,0020d1b3,52058f1e,599adb9f,00000000
7,4020d1b3,52058f1e,599adb9f,00000000
8,0020e1b3,52058f1e,599adb9f,5b9fdf9f
9,0020f1b3,52058f1e,599adb9f,50008b1e
10,022081b3,52058f1e,599adb9f,38ee8da2
11,022091b3,52058f1e,599adb9f,1cb58c77
12,0220a1b3,52058f1e,599adb9f,1cb58c77
13,0220b1b3,52058f1e,599adb9f,1cb58c77
14,60009193,52058f1e,00000000,00000001
15,60109193,52058f1e,00000000,00000001
16,60209193,52058f1e,00000000,0000000e
17,602091b3,52058f1e,599adb9f,2902c78f
18,6020d1b3,52058f1e,599adb9f,a40b1e3c
19,0a20c1b3,52058f1e,599adb9f,52058f1e
20,0a20e1b3,52058f1e,599adb9f,599adb9f
21,0a20d1b3,52058f1e,599adb9f,52058f1e
22,0a20f1b3,52058f1e,599adb9f,599adb9f
23,282091b3,52058f1e,599adb9f,d2058f1e
24,482091b3,52058f1e,599adb9f,52058f1e
25,4820d1b3,52058f1e,599adb9f,00000000
26,0020818b,52058f1e,599adb9f,00001f7b
27,0020918b,52058f1e,599adb9f,7f9f80bd
28,0020a18b,52058f1e,599adb9f,f96bb47f
29,0000b18b,52058f1e,00000000,52058f1e
30,0000c18b,52058f1e,00000000,0000007f
0,002081b3,adff66bd,6906aa37,170610f4
1,402081b3,adff66bd,6906aa37,44f8bc86
2,002091b3,adff66bd,6906aa37,5e800000
3,0020a1b3,adff66bd,6906aa37,00000001
4,0020b1b3,adff66bd,6906aa37,00000000
5,0020c1b3,adff66bd,6906aa37,c4f9cc8a
6,0020d1b3,adff66bd,6906aa37,0000015b
7,4020d1b3,adff66bd,6906aa37,ffffff5b
8,0020e1b3,adff66bd,6906aa37,edffeebf
9,0020f1b3,adff66bd,6906aa37,29062235
10,022081b3,adff66bd,6906aa37,e986949b
11,022091b3,adff66bd,6906aa37,de5b9e99
12,0220a1b3,adff66bd,6906aa37,de5b9e99
13,0220b1b3,adff66bd,6906aa37,476248d0
14,60009193,adff66bd,00000000,00000000
15,60109193,adff66bd,00000000,00000000
16,60209193,adff66bd,00000000,00000017
17,602091b3,adff66bd,6906aa37,5ed6ffb3
18,6020d1b3,adff66bd,6906aa37,fecd7b5b
19,0a20c1b3,adff66bd,6906aa37,adff66bd
20,0a20e1b3,adff66bd,6906aa37,6906aa37
21,0a20d1b3,adff66bd,6906aa37,6906aa37
22,0a20f1b3,adff66bd,6906aa37,adff66bd
23,282091b3,adff66bd,6906aa37,adff66bd
24,482091b3,adff66bd,6906aa37,ad7f66bd
25,4820d1b3,adff66bd,6906aa37,00000001
26,0020818b,adff66bd,6906aa37,ffffad46
27,0020918b,adff66bd,6906aa37,160510f4
28,0020a18b,adff66bd,6906aa37,80f97f86
29,0000b18b,adff66bd,00000000,52009943
30,0000c18b,adff66bd,00000000,ffffff80
0,002081b3,7fc6a156,425f591e,c225fa74
1,402081b3,7fc6a156,425f591e,3d674838
2,002091b3,7fc6a156,425f591e,80000000
3,0020a1b3,7fc6a156,425f591e,00000000
4,0020b1b3,7fc6a156,425f591e,00000000
5,0020c1b3,7fc6a156,425f591e,3d99f848
6,0020d1b3,7fc6a156,425f591e,00000001
7,4020d1b3,7fc6a156,425f591e,00000001
8,0020e1b3,7fc6a156,425f591e,7fdff95e
9,0020f1b3,7fc6a156,425f591e,42460116
10,022081b3,7fc6a156,425f591e,1247ce14
11,022091b3,7fc6a156,425f591e,2120ccc9
12,0220a1b3,7fc6a156,425f591e,2120ccc9
13,0220b1b3,7fc6a156,425f591e,2120ccc9
14,60009193,7fc6a156,00000000,00000001
15,60109193,7fc6a156,00000000,00000001
16,60209193,7fc6a156,00000000,00000012
17,602091b3,7fc6a156,425f591e,9ff1a855
18,6020d1b3,7fc6a156,425f591e,ff1a8559
19,0a20c1b3,7fc6a156,425f591e,425f591e
20,0a20e1b3,7fc6a156,425f591e,7fc6a156
21,0a20d1b3,7fc6a156,425f591e,425f591e
22,0a20f1b3,7fc6a156,425f591e,7fc6a156
23,282091b3,7fc6a156,425f591e,7fc6a156
24,482091b3,7fc6a156,425f591e,3fc6a156
25,4820d1b3,7fc6a156,425f591e,00000001
26,0020818b,7fc6a156,425f591e,fffff445
27,0020918b,7fc6a156,425f591e,7f25fa74
28,0020a18b,7fc6a156,425f591e,3d808038
29,0000b18b,7fc6a156,00000000,7fc6a156
30,0000c18b,7fc6a156,00000000,0000007f
0,002081b3,11188000,298ea07e,3aa7207e
1,402081b3,11188000,298ea07e,e789df82
2,002091b3,11188000,298ea07e,00000000
3,0020a1b3,11188000,298ea07e,00000001
4,0020b1b3,11188000,298ea07e,00000001
5,0020c1b3,11188000,298ea07e,3896207e
6,0020d1b3,11188000,298ea07e,00000000
7,4020d1b3,11188000,298ea07e,00000000
8,0020e1b3,11188000,298ea07e,399ea07e
9,0020f1b3,11188000,298ea07e,01088000
10,022081b3,11188000,298ea07e,ba0f0000
11,022091b3,11188000,298ea07e,02c672ce
12,0220a1b3,11188000,298ea07e,02c672ce
13,0220b1b3,11188000,298ea07e,02c672ce
14,60009193,11188000,00000000,00000003
15,60109193,11188000,00000000,0000000f
16,60209193,11188000,00000000,00000005
17,602091b3,11188000,298ea07e,04462000
18,6020d1b3,11188000,298ea07e,44620000
19,0a20c1b3,11188000,298ea07e,11188000
20,0a20e1b3,11188000,298ea07e,298ea07e
21,0a20d1b3,11188000,298ea07e,11188000
22,0a20f1b3,11188000,298ea07e,298ea07e
23,282091b3,11188000,298ea07e,51188000
24,482091b3,11188000,298ea07e,11188000
25,4820d1b3,11188000,298ea07e,00000000
26,0020818b,11188000,298ea07e,00002809
27,0020918b,11188000,298ea07e,3aa6807e
28,0020a18b,11188000,298ea07e,e87fe082
29,0000b18b,11188000,00000000,11188000
30,0000c18b,11188000,00000000,0000007f
0,002081b3,85ea39cd,06ca270a,8cb460d7
1,402081b3,85ea39cd,06ca270a,7f2012c3
2,002091b3,85ea39cd,06ca270a,a8e73400
3,0020a1b3,85ea39cd,06ca270a,00000001
4,0020b1b3,85ea39cd,06ca270a,00000000
5,0020c1b3,85ea39cd,06ca270a,83201ec7
6,0020d1b3,85ea39cd,06ca270a,00217a8e
7,4020d1b3,85ea39cd,06ca270a,ffe17a8e
8,0020e1b3,85ea39cd,06ca270a,87ea3fcf
9,0020f1b3,85ea39cd,06ca270a,04ca2108
10,022081b3,85ea39cd,06ca270a,53b67d02
11,022091b3,85ea39cd,06ca270a,fcc3158e
12,0220a1b3,85ea39cd,06ca270a,fcc3158e
13,0220b1b3,85ea39cd,06ca270a,038d3c98
14,60009193,85ea39cd,00000000,00000000
15,60109193,85ea39cd,00000000,00000000
16,60209193,85ea39cd,00000000,00000011
17,602091b3,85ea39cd,06ca270a,a8e73617
18,6020d1b3,85ea39cd,06ca270a,73617a8e
19,0a20c1b3,85ea39cd,06ca270a,85ea39cd
20,0a20e1b3,85ea39cd,06ca270a,06ca270a
21,0a20d1b3,85ea39cd,06ca270a,06ca270a
22,0a20f1b3,85ea39cd,06ca270a,85ea39cd
23,282091b3,85ea39cd,06ca270a,85ea3dcd
24,482091b3,85ea39cd,06ca270a,85ea39cd
25,4820d1b3,85ea39cd,06ca270a,00000000
26,0020818b,85ea39cd,06ca270a,00000873
27,0020918b,85ea39cd,06ca270a,8bb460d7
28,0020a18b,85ea39cd,06ca270a,802012c3
29,0000b18b,85ea39cd,00000000,7a15c633
30,0000c18b,85ea39cd,00000000,ffffff80
0,002081b3,0444432b,73de37fe,78227b29
1,402081b3,0444432b,73de37fe,90660b2d
2,002091b3,0444432b,73de37fe,c0000000
3,0020a1b3,0444432b,73de37fe,00000001
4,0020b1b3,0444432b,73de37fe,00000001
5,0020c1b3,0444432b,73de37fe,779a74d5
6,0020d1b3,0444432b,73de37fe,00000000
7,4020d1b3,0444432b,73de37fe,00000000
8,0020e1b3,0444432b,73de37fe,77de77ff
9,0020f1b3,0444432b,73de37fe,0044032a
10,022081b3,0444432b,73de37fe,7672e1aa
11,022091b3,0444432b,73de37fe,01ee5e4d
12,0220a1b3,0444432b,73de37fe,01ee5e4d
13,0220b1b3,0444432b,73de37fe,01ee5e4d
14,60009193,0444432b,00000000,00000005
15,60109193,0444432b,00000000,00000000
16,60209193,0444432b,00000000,0000000a
17,602091b3,0444432b,73de37fe,c11110ca
18,6020d1b3,0444432b,73de37fe,11110cac
19,0a20c1b3,0444432b,73de37fe,0444432b
20,0a20e1b3,0444432b,73de37fe,73de37fe
21,0a20d1b3,0444432b,73de37fe,0444432b
22,0a20f1b3,0444432b,73de37fe,73de37fe
23,282091b3,0444432b,73de37fe,4444432b
24,482091b3,0444432b,73de37fe,0444432b
25,4820d1b3,0444432b,73de37fe,00000000
26,0020818b,0444432b,73de37fe,000006d3
27,0020918b,0444432b,73de37fe,77227a29
28,0020a18b,0444432b,73de37fe,91660c2d
29,0000b18b,0444432b,00000000,0444432b
30,0000c18b,0444432b,00000000,0000007f
0,002081b3,b6eb88aa,f4a3630a,ab8eebb4
1,402081b3,b6eb88aa,f4a3630a,c24825a0
2,002091b3,b6eb88aa,f4a3630a,ae22a800
3,0020a1b3,b6eb88aa,f4a3630a,00000001
4,0020b1b3,b6eb88aa,f4a3630a,00000001
5,0020c1b3,b6eb88aa,f4a3630a,4248eba0
6,0020d1b3,b6eb88aa,f4a3630a,002dbae2
7,4020d1b3,b6eb88aa,f4a3630a,ffedbae2
8,0020e1b3,b6eb88aa,f4a3630a,f6ebebaa
9,0020f1b3,b6eb88aa,f4a3630a,b4a3000a
10,022081b3,b6eb88aa,f4a3630a,474b14a4
11,022091b3,b6eb88aa,f4a3630a,033e514a
12,0220a1b3,b6eb88aa,f4a3630a,ba29d9f4
13,0220b1b3,b6eb88aa,f4a3630a,aecd3cfe
14,60009193,b6eb88aa,00000000,00000000
15,60109193,b6eb88aa,00000000,00000001
16,60209193,b6eb88aa,00000000,00000011
17,602091b3,b6eb88aa,f4a3630a,ae22aadb
18,6020d1b3,b6eb88aa,f4a3630a,2aadbae2
19,0a20c1b3,b6eb88aa,f4a3630a,b6eb88aa
20,0a20e1b3,b6eb88aa,f4a3630a,f4a3630a
21,0a20d1b3,b6eb88aa,f4a3630a,b6eb88aa
22,0a20f1b3,b6eb88aa,f4a3630a,f4a3630a
23,282091b3,b6eb88aa,f4a3630a,b6eb8caa
24,482091b3,b6eb88aa,f4a3630a,b6eb88aa
25,4820d1b3,b6eb88aa,f4a3630a,00000000
26,0020818b,b6eb88aa,f4a3630a,ffffd955
27,0020918b,b6eb88aa,f4a3630a,aa8eebb4
28,0020a18b,b6eb88aa,f4a3630a,c24880a0
29,0000b18b,b6eb88aa,00000000,49147756
30,0000c18b,b6eb88aa,00000000,ffffff80
0,002081b3,20d237a5,ec43958b,0d15cd30
1,402081b3,20d237a5,ec43958b,348ea21a
2,002091b3,20d237a5,ec43958b,91bd2800
3,0020a1b3,20d237a5,ec43958b,00000000
4,0020b1b3,20d237a5,ec43958b,00000001
5,0020c1b3,20d237a5,ec43958b,cc91a22e
6,0020d1b3,20d237a5,ec43958b,00041a46
7,4020d1b3,20d237a5,ec43958b,00041a46
8,0020e1b3,20d237a5,ec43958b,ecd3b7af
9,0020f1b3,20d237a5,ec43958b,20421581
10,022081b3,20d237a5,ec43958b,d8b63f97
11,022091b3,20d237a5,ec43958b,fd783dd7
12,0220a1b3,20d237a5,ec43958b,1e4a757c
13,0220b1b3,20d237a5,ec43958b,1e4a757c
14,60009193,20d237a5,00000000,00000002
15,60109193,20d237a5,00000000,00000000
16,60209193,20d237a5,00000000,0000000e
17,602091b3,20d237a5,ec43958b,91bd2906
18,6020d1b3,20d237a5,ec43958b,f4a41a46
19,0a20c1b3,20d237a5,ec43958b,ec43958b
20,0a20e1b3,20d237a5,ec43958b,20d237a5
21,0a20d1b3,20d237a5,ec43958b,20d237a5
22,0a20f1b3,20d237a5,ec43958b,ec43958b
23,282091b3,20d237a5,ec43958b,20d23fa5
24,482091b3,20d237a5,ec43958b,20d237a5
25,4820d1b3,20d237a5,ec43958b,00000000
26,0020818b,20d237a5,ec43958b,00000410
27,0020918b,20d237a5,ec43958b,0c15cc80
28,0020a18b,20d237a5,ec43958b,348f7f1a
29,0000b18b,20d237a5,00000000,20d237a5
30,0000c18b,20d237a5,00000000,0000007f
0,002081b3,149b11e5,414b62b7,55e6749c
1,402081b3,149b11e5,414b62b7,d34faf2e
2,002091b3,149b11e5,414b62b7,f2800000
3,0020a1b3,149b11e5,414b62b7,00000001
4,0020b1b3,149b11e5,414b62b7,00000001
5,0020c1b3,149b11e5,414b62b7,55d07352
6,0020d1b3,149b11e5,414b62b7,00000029
7,4020d1b3,149b11e5,414b62b7,00000029
8,0020e1b3,149b11e5,414b62b7,55db73f7
9,0020f1b3,149b11e5,414b62b7,000b00a5
10,022081b3,149b11e5,414b62b7,7aca74b3
11,022091b3,149b11e5,414b62b7,054170eb
12,0220a1b3,149b11e5,414b62b7,054170eb
13,0220b1b3,149b11e5,414b62b7,054170eb
14,60009193,149b11e5,00000000,00000003
15,60109193,149b11e5,00000000,00000000
16,60209193,149b11e5,00000000,0000000e
17,602091b3,149b11e5,414b62b7,f28a4d88
18,6020d1b3,149b11e5,414b62b7,3623ca29
19,0a20c1b3,149b11e5,414b62b7,149b11e5
20,0a20e1b3,149b11e5,414b62b7,414b62b7
21,0a20d1b3,149b11e5,414b62b7,149b11e5
22,0a20f1b3,149b11e5,414b62b7,414b62b7
23,282091b3,149b11e5,414b62b7,149b11e5
24,482091b3,149b11e5,414b62b7,141b11e5
25,4820d1b3,149b11e5,414b62b7,00000001
26,0020818b,149b11e5,414b62b7,fffff5b2
27,0020918b,149b11e5,414b62b7,55e6739c
28,0020a18b,149b11e5,414b62b7,d380af2e
29,0000b18b,149b11e5,00000000,149b11e5
30,0000c18b,149b11e5,00000000,0000007f
0,002081b3,97a116d4,6ae9c1cf,028ad8a3
1,402081b3,97a116d4,6ae9c1cf,2cb75505
2,002091b3,97a116d4,6ae9c1cf,8b6a0000
3,0020a1b3,97a116d4,6ae9c1cf,00000001
4,0020b1b3,97a116d4,6ae9c1cf,00000000
5,0020c1b3,97a116d4,6ae9c1cf,fd48d71b
6,0020d1b3,97a116d4,6ae9c1cf,00012f42
7,4020d1b3,97a116d4,6ae9c1cf,ffff2f42
8,0020e1b3,97a116d4,6ae9c1cf,ffe9d7df
9,0020f1b3,97a116d4,6ae9c1cf,02a100c4
10,022081b3,97a116d4,6ae9c1cf,9c6b496c
11,022091b3,97a116d4,6ae9c1cf,d469660d
12,0220a1b3,97a116d4,6ae9c1cf,d469660d
13,0220b1b3,97a116d4,6ae9c1cf,3f5327dc
14,60009193,97a116d4,00000000,00000000
15,60109193,97a116d4,00000000,00000002
16,60209193,97a116d4,00000000,0000000f
17,602091b3,97a116d4,6ae9c1cf,8b6a4bd0
18,6020d1b3,97a116d4,6ae9c1cf,2da92f42
19,0a20c1b3,97a116d4,6ae9c1cf,97a116d4
20,0a20e1b3,97a116d4,6ae9c1cf,6ae9c1cf
21,0a20d1b3,97a116d4,6ae9c1cf,6ae9c1cf
22,0a20f1b3,97a116d4,6ae9c1cf,97a116d4
23,282091b3,97a116d4,6ae9c1cf,97a196d4
24,482091b3,97a116d4,6ae9c1cf,97a116d4
25,4820d1b3,97a116d4,6ae9c1cf,00000000
26,0020818b,97a116d4,6ae9c1cf,ffffe011
27,0020918b,97a116d4,6ae9c1cf,018ad7a3
28,0020a18b,97a116d4,6ae9c1cf,80b85505
29,0000b18b,97a116d4,00000000,685ee92c
30,0000c18b,97a116d4,00000000,ffffff80
0,002081b3,7237af0a,ad6e2785,1fa5d68f
1,402081b3,7237af0a,ad6e2785,c4c98785
2,002091b3,7237af0a,ad6e2785,46f5e140
3,0020a1b3,7237af0a,ad6e2785,00000000
4,0020b1b3,7237af0a,ad6e2785,00000001
5,0020c1b3,7237af0a,ad6e2785,df59888f
6,0020d1b3,7237af0a,ad6e2785,0391bd78
7,4020d1b3,7237af0a,ad6e2785,0391bd78
8,0020e1b3,7237af0a,ad6e2785,ff7faf8f
9,0020f1b3,7237af0a,ad6e2785,20262700
10,022081b3,7237af0a,ad6e2785,cae47632
11,022091b3,7237af0a,ad6e2785,db2917ce
12,0220a1b3,7237af0a,ad6e2785,4d60c6d8
13,0220b1b3,7237af0a,ad6e2785,4d60c6d8
14,60009193,7237af0a,00000000,00000001
15,60109193,7237af0a,00000000,00000001
16,60209193,7237af0a,00000000,00000011
17,602091b3,7237af0a,ad6e2785,46f5e14e
18,6020d1b3,7237af0a,ad6e2785,5391bd78
19,0a20c1b3,7237af0a,ad6e2785,ad6e2785
20,0a20e1b3,7237af0a,ad6e2785,7237af0a
21,0a20d1b3,7237af0a,ad6e2785,7237af0a
22,0a20f1b3,7237af0a,ad6e2785,ad6e2785
23,282091b3,7237af0a,ad6e2785,7237af2a
24,482091b3,7237af0a,ad6e2785,7237af0a
25,4820d1b3,7237af0a,ad6e2785,00000000
26,0020818b,7237af0a,ad6e2785,ffffe187
27,0020918b,7237af0a,ad6e2785,1f7fd68f
28,0020a18b,7237af0a,ad6e2785,7fc9887f
29,0000b18b,7237af0a,00000000,7237af0a
30,0000c18b,7237af0a,00000000,0000007f
0,002081b3,42476edf,d76b09d7,19b278b6
1,402081b3,42476edf,d76b09d7,6adc6508
2,002091b3,42476edf,d76b09d7,6f800000
3,0020a1b3,42476edf,d76b09d7,00000000
4,0020b1b3,42476edf,d76b09d7,00000001
5,0020c1b3,42476edf,d76b09d7,952c6708
6,0020d1b3,42476edf,d76b09d7,00000084
7,4020d1b3,42476edf,d76b09d7,00000084
8,0020e1b3,42476edf,d76b09d7,d76f6fdf
9,0020f1b3,42476edf,d76b09d7,424308d7
10,022081b3,42476edf,d76b09d7,cd18f449
11,022091b3,42476edf,d76b09d7,f57e45a5
12,0220a1b3,42476edf,d76b09d7,37c5b484
13,0220b1b3,42476edf,d76b09d7,37c5b484
14,60009193,42476edf,00000000,00000001
15,60109193,42476edf,00000000,00000000
16,60209193,42476edf,00000000,00000012
17,602091b3,42476edf,d76b09d7,6fa123b7
18,6020d1b3,42476edf,d76b09d7,8eddbe84
19,0a20c1b3,42476edf,d76b09d7,d76b09d7
20,0a20e1b3,42476edf,d76b09d7,42476edf
21,0a20d1b3,42476edf,d76b09d7,42476edf
22,0a20f1b3,42476edf,d76b09d7,d76b09d7
23,282091b3,42476edf,d76b09d7,42c76edf
24,482091b3,42476edf,d76b09d7,42476edf
25,4820d1b3,42476edf,d76b09d7,00000000
26,0020818b,42476edf,d76b09d7,00001c42
27,0020918b,42476edf,d76b09d7,197f77b6
28,0020a18b,42476edf,d76b09d7,6bdc6508
29,0000b18b,42476edf,00000000,42476edf
30,0000c18b,42476edf,00000000,0000007f
0,002081b3,3b001fd5,14ddb284,4fddd259
1,402081b3,3b001fd5,14ddb284,26226d51
2,002091b3,3b001fd5,14ddb284,b001fd50
3,0020a1b3,3b001fd5,14ddb284,00000000
4,0020b1b3,3b001fd5,14ddb284,00000000
5,0020c1b3,3b001fd5,14ddb284,2fddad51
6,0020d1b3,3b001fd5,14ddb284,03b001fd
7,4020d1b3,3b001fd5,14ddb284,03b001fd
8,0020e1b3,3b001fd5,14ddb284,3fddbfd5
9,0020f1b3,3b001fd5,14ddb284,10001284
10,022081b3,3b001fd5,14ddb284,a11383d4
11,022091b3,3b001fd5,14ddb284,04cf1abc
12,0220a1b3,3b001fd5,14ddb284,04cf1abc
13,0220b1b3,3b001fd5,14ddb284,04cf1abc
14,60009193,3b001fd5,00000000,00000002
15,60109193,3b001fd5,00000000,00000000
16,60209193,3b001fd5,00000000,0000000f
17,602091b3,3b001fd5,14ddb284,b001fd53
18,6020d1b3,3b001fd5,14ddb284,53b001fd
19,0a20c1b3,3b001fd5,14ddb284,14ddb284
20,0a20e1b3,3b001fd5,14ddb284,3b001fd5
21,0a20d1b3,3b001fd5,14ddb284,14ddb284
22,0a20f1b3,3b001fd5,14ddb284,3b001fd5
23,282091b3,3b001fd5,14ddb284,3b001fd5
24,482091b3,3b001fd5,14ddb284,3b001fc5
25,4820d1b3,3b001fd5,14ddb284,00000001
26,0020818b,3b001fd5,14ddb284,00000ffe
27,0020918b,3b001fd5,14ddb284,4fddd180
28,0020a18b,3b001fd5,14ddb284,27236d51
29,0000b18b,3b001fd5,00000000,3b001fd5
30,0000c18b,3b001fd5,00000000,0000007f
0,002081b3,79cdbc19,7816f7bd,f1e4b3d6
1,402081b3,79cdbc19,7816f7bd,01b6c45c
2,002091b3,79cdbc19,7816f7bd,20000000
3,0020a1b3,79cdbc19,7816f7bd,00000000
4,0020b1b3,79cdbc19,7816f7bd,00000000
5,0020c1b3,79cdbc19,7816f7bd,01db4ba4
6,0020d1b3,79cdbc19,7816f7bd,00000003
7,4020d1b3,79cdbc19,7816f7bd,00000003
8,0020e1b3,79cdbc19,7816f7bd,79dfffbd
9,0020f1b3,79cdbc19,7816f7bd,7804b419
10,022081b3,79cdbc19,7816f7bd,4f85fd75
11,022091b3,79cdbc19,7816f7bd,39235db9
12,0220a1b3,79cdbc19,7816f7bd,39235db9
13,0220b1b3,79cdbc19,7816f7bd,39235db9
14,60009193,79cdbc19,00000000,00000001
15,60109193,79cdbc19,00000000,00000000
16,60209193,79cdbc19,00000000,00000012
17,602091b3,79cdbc19,7816f7bd,2f39b783
18,6020d1b3,79cdbc19,7816f7bd,ce6de0cb
19,0a20c1b3,79cdbc19,7816f7bd,7816f7bd
20,0a20e1b3,79cdbc19,7816f7bd,79cdbc19
21,0a20d1b3,79cdbc19,7816f7bd,7816f7bd
22,0a20f1b3,79cdbc19,7816f7bd,79cdbc19
23,282091b3,79cdbc19,7816f7bd,79cdbc19
24,482091b3,79cdbc19,7816f7bd,59cdbc19
25,4820d1b3,79cdbc19,7816f7bd,00000001
26,0020818b,79cdbc19,7816f7bd,0000302f
27,0020918b,79cdbc19,7816f7bd,7fe3b3d6
28,0020a18b,79cdbc19,7816f7bd,01b7c55c
29,0000b18b,79cdbc19,00000000,79cdbc19
30,0000c18b,79cdbc19,00000000,0000007f
0,002081b3,5dd55473,fa6c9838,5841ecab
1,402081b3,5dd55473,fa6c9838,6368bc3b
2,002091b3,5dd55473,fa6c9838,73000000
3,0020a1b3,5dd55473,fa6c9838,00000000
4,0020b1b3,5dd55473,fa6c9838,00000001
5,0020c1b3,5dd55473,fa6c9838,a7b9cc4b
6,0020d1b3,5dd55473,fa6c9838,0000005d
7,4020d1b3,5dd55473,fa6c9838,0000005d
8,0020e1b3,5dd55473,fa6c9838,fffddc7b
9,0020f1b3,5dd55473,fa6c9838,58441030
10,022081b3,5dd55473,fa6c9838,1f52c128
11,022091b3,5dd55473,fa6c9838,fdf4cdd0
12,0220a1b3,5dd55473,fa6c9838,5bca2243
13,0220b1b3,5dd55473,fa6c9838,5bca2243
14,60009193,5dd55473,00000000,00000001
15,60109193,5dd55473,00000000,00000000
16,60209193,5dd55473,00000000,00000012
17,602091b3,5dd55473,fa6c9838,735dd554
18,6020d1b3,5dd55473,fa6c9838,d554735d
19,0a20c1b3,5dd55473,fa6c9838,fa6c9838
20,0a20e1b3,5dd55473,fa6c9838,5dd55473
21,0a20d1b3,5dd55473,fa6c9838,5dd55473
22,0a20f1b3,5dd55473,fa6c9838,fa6c9838
23,282091b3,5dd55473,fa6c9838,5dd55473
24,482091b3,5dd55473,fa6c9838,5cd55473
25,4820d1b3,5dd55473,fa6c9838,00000001
26,0020818b,5dd55473,fa6c9838,ffffe2b6
27,0020918b,5dd55473,fa6c9838,5741ec7f
28,0020a18b,5dd55473,fa6c9838,63807f3b
29,0000b18b,5dd55473,00000000,5dd55473
30,0000c18b,5dd55473,00000000,0000007f
0,002081b3,96ae38cc,40c20bd7,d77044a3
1,402081b3,96ae38cc,40c20bd7,55ec2cf5
2,002091b3,96ae38cc,40c20bd7,66000000
3,0020a1b3,96ae38cc,40c20bd7,00000001
4,0020b1b3,96ae38cc,40c20bd7,00000000
5,0020c1b3,96ae38cc,40c20bd7,d66c331b
6,0020d1b3,96ae38cc,40c20bd7,0000012d
7,4020d1b3,96ae38cc,40c20bd7,ffffff2d
8,0020e1b3,96ae38cc,40c20bd7,d6ee3bdf
9,0020f1b3,96ae38cc,40c20bd7,008208c4
10,022081b3,96ae38cc,40c20bd7,135a7754
11,022091b3,96ae38cc,40c20bd7,e55bb95b
12,0220a1b3,96ae38cc,40c20bd7,e55bb95b
13,0220b1b3,96ae38cc,40c20bd7,261dc532
14,60009193,96ae38cc,00000000,00000000
15,60109193,96ae38cc,00000000,00000002
16,60209193,96ae38cc,00000000,00000010
17,602091b3,96ae38cc,40c20bd7,664b571c
18,6020d1b3,96ae38cc,40c20bd7,5c71992d
19,0a20c1b3,96ae38cc,40c20bd7,96ae38cc
20,0a20e1b3,96ae38cc,40c20bd7,40c20bd7
21,0a20d1b3,96ae38cc,40c20bd7,40c20bd7
22,0a20f1b3,96ae38cc,40c20bd7,96ae38cc
23,282091b3,96ae38cc,40c20bd7,96ae38cc
24,482091b3,96ae38cc,40c20bd7,962e38cc
25,4820d1b3,96ae38cc,40c20bd7,00000001
26,0020818b,96ae38cc,40c20bd7,00000418
27,0020918b,96ae38cc,40c20bd7,d68043a3
28,0020a18b,96ae38cc,40c20bd7,80ec2df5
29,0000b18b,96ae38cc,00000000,6951c734
30,0000c18b,96ae38cc,00000000,ffffff80
0,002081b3,4a8f4f5e,9be1b87d,e67107db
1,402081b3,4a8f4f5e,9be1b87d,aead96e1
2,002091b3,4a8f4f5e,9be1b87d,c0000000
3,0020a1b3,4a8f4f5e,9be1b87d,00000000
4,0020b1b3,4a8f4f5e,9be1b87d,00000001
5,0020c1b3,4a8f4f5e,9be1b87d,d16ef723
6,0020d1b3,4a8f4f5e,9be1b87d,00000002
7,4020d1b3,4a8f4f5e,9be1b87d,00000002
8,0020e1b3,4a8f4f5e,9be1b87d,dbefff7f
9,0020f1b3,4a8f4f5e,9be1b87d,0a81085c
10,022081b3,4a8f4f5e,9be1b87d,14a350e6
11,022091b3,4a8f4f5e,9be1b87d,e2d73360
12,0220a1b3,4a8f4f5e,9be1b87d,2d6682be
13,0220b1b3,4a8f4f5e,9be1b87d,2d6682be
14,60009193,4a8f4f5e,00000000,00000001
15,60109193,4a8f4f5e,00000000,00000001
16,60209193,4a8f4f5e,00000000,00000012
17,602091b3,4a8f4f5e,9be1b87d,c951e9eb
18,6020d1b3,4a8f4f5e,9be1b87d,547a7af2
19,0a20c1b3,4a8f4f5e,9be1b87d,9be1b87d
20,0a20e1b3,4a8f4f5e,9be1b87d,4a8f4f5e
21,0a20d1b3,4a8f4f5e,9be1b87d,4a8f4f5e
22,0a20f1b3,4a8f4f5e,9be1b87d,9be1b87d
23,282091b3,4a8f4f5e,9be1b87d,6a8f4f5e
24,482091b3,4a8f4f5e,9be1b87d,4a8f4f5e
25,4820d1b3,4a8f4f5e,9be1b87d,00000000
26,0020818b,4a8f4f5e,9be1b87d,0000082b
27,0020918b,4a8f4f5e,9be1b87d,e580077f
28,0020a18b,4a8f4f5e,9be1b87d,7fae7fe1
29,0000b18b,4a8f4f5e,00000000,4a8f4f5e
30,0000c18b,4a8f4f5e,00000000,0000007f
0,002081b3,abc7a6f4,28bcd2ad,d48479a1
1,402081b3,abc7a6f4,28bcd2ad,830ad447
2,002091b3,abc7a6f4,28bcd2ad,f4de8000
3,0020a1b3,abc7a6f4,28bcd2ad,00000001
4,0020b1b3,abc7a6f4,28bcd2ad,00000000
5,0020c1b3,abc7a6f4,28bcd2ad,837b7459
6,0020d1b3,abc7a6f4,28bcd2ad,00055e3d
7,4020d1b3,abc7a6f4,28bcd2ad,fffd5e3d
8,0020e1b3,abc7a6f4,28bcd2ad,abfff6fd
9,0020f1b3,abc7a6f4,28bcd2ad,288482a4
10,022081b3,abc7a6f4,28bcd2ad,980ffae4
11,022091b3,abc7a6f4,28bcd2ad,f2991365
12,0220a1b3,abc7a6f4,28bcd2ad,f2991365
13,0220b1b3,abc7a6f4,28bcd2ad,1b55e612
14,60009193,abc7a6f4,00000000,00000000
15,60109193,abc7a6f4,00000000,00000002
16,60209193,abc7a6f4,00000000,00000013
17,602091b3,abc7a6f4,28bcd2ad,f4de9578
18,6020d1b3,abc7a6f4,28bcd2ad,37a55e3d
19,0a20c1b3,abc7a6f4,28bcd2ad,abc7a6f4
20,0a20e1b3,abc7a6f4,28bcd2ad,28bcd2ad
21,0a20d1b3,abc7a6f4,28bcd2ad,28bcd2ad
22,0a20f1b3,abc7a6f4,28bcd2ad,abc7a6f4
23,282091b3,abc7a6f4,28bcd2ad,abc7a6f4
24,482091b3,abc7a6f4,28bcd2ad,abc786f4
25,4820d1b3,abc7a6f4,28bcd2ad,00000001
26,0020818b,abc7a6f4,28bcd2ad,000015ec
27,0020918b,abc7a6f4,28bcd2ad,d38380a1
28,0020a18b,abc7a6f4,28bcd2ad,830bd447
29,0000b18b,abc7a6f4,00000000,5438590c
30,0000c18b,abc7a6f4,00000000,ffffff80
0,002081b3,f8a90189,a81d5543,a0c656cc
1,402081b3,f8a90189,a81d5543,508bac46
2,002091b3,f8a90189,a81d5543,c5480c48
3,0020a1b3,f8a90189,a81d5543,00000000
4,0020b1b3,f8a90189,a81d5543,00000000
5,0020c1b3,f8a90189,a81d5543,50b454ca
6,0020d1b3,f8a90189,a81d5543,1f152031
7,4020d1b3,f8a90189,a81d5543,ff152031
8,0020e1b3,f8a90189,a81d5543,f8bd55cb
9,0020f1b3,f8a90189,a81d5543,a8090101
10,022081b3,f8a90189,a81d5543,4642e3db
11,022091b3,f8a90189,a81d5543,0285102c
12,0220a1b3,f8a90189,a81d5543,fb2e11b5
13,0220b1b3,f8a90189,a81d5543,a34b66f8
14,60009193,f8a90189,00000000,00000000
15,60109193,f8a90189,00000000,00000000
16,60209193,f8a90189,00000000,0000000d
17,602091b3,f8a90189,a81d5543,c5480c4f
18,6020d1b3,f8a90189,a81d5543,3f152031
19,0a20c1b3,f8a90189,a81d5543,a81d5543
20,0a20e1b3,f8a90189,a81d5543,f8a90189
21,0a20d1b3,f8a90189,a81d5543,a81d5543
22,0a20f1b3,f8a90189,a81d5543,f8a90189
23,282091b3,f8a90189,a81d5543,f8a90189
24,482091b3,f8a90189,a81d5543,f8a90181
25,4820d1b3,f8a90189,a81d5543,00000001
26,0020818b,f8a90189,a81d5543,ffffda15
27,0020918b,f8a90189,a81d5543,a0c656cc
28,0020a18b,f8a90189,a81d5543,508cac80
29,0000b18b,f8a90189,00000000,0756fe77
30,0000c18b,f8a90189,00000000,ffffff80
0,002081b3,7259dfd7,cb1102ef,3d6ae2c6
1,402081b3,7259dfd7,cb1102ef,a748dce8
2,002091b3,7259dfd7,cb1102ef,efeb8000
3,0020a1b3,7259dfd7,cb1102ef,00000000
4,0020b1b3,7259dfd7,cb1102ef,00000001
5,0020c1b3,7259dfd7,cb1102ef,b948dd38
6,0020d1b3,7259dfd7,cb1102ef,0000e4b3
7,4020d1b3,7259dfd7,cb1102ef,0000e4b3
8,0020e1b3,7259dfd7,cb1102ef,fb59dfff
9,0020f1b3,7259dfd7,cb1102ef,421102c7
10,022081b3,7259dfd7,cb1102ef,cfeea7b9
11,022091b3,7259dfd7,cb1102ef,e85afdef
12,0220a1b3,7259dfd7,cb1102ef,5ab4ddc6
13,0220b1b3,7259dfd7,cb1102ef,5ab4ddc6
14,60009193,7259dfd7,00000000,00000001
15,60109193,7259dfd7,00000000,00000000
16,60209193,7259dfd7,00000000,00000015
17,602091b3,7259dfd7,cb1102ef,efebb92c
18,6020d1b3,7259dfd7,cb1102ef,bfaee4b3
19,0a20c1b3,7259dfd7,cb1102ef,cb1102ef
20,0a20e1b3,7259dfd7,cb1102ef,7259dfd7
21,0a20d1b3,7259dfd7,cb1102ef,7259dfd7
22,0a20f1b3,7259dfd7,cb1102ef,cb1102ef
23,282091b3,7259dfd7,cb1102ef,7259dfd7
24,482091b3,7259dfd7,cb1102ef,72595fd7
25,4820d1b3,7259dfd7,cb1102ef,00000001
26,0020818b,7259dfd7,cb1102ef,fffff0c6
27,0020918b,7259dfd7,cb1102ef,3d6ae1c6
28,0020a18b,7259dfd7,cb1102ef,7f48dde8
29,0000b18b,7259dfd7,00000000,7259dfd7
30,0000c18b,7259dfd7,00000000,0000007f
0,002081b3,ca5ddfc8,bb398bbb,85976b83
1,402081b3,ca5ddfc8,bb398bbb,0f24540d
2,002091b3,ca5ddfc8,bb398bbb,40000000
3,0020a1b3,ca5ddfc8,bb398bbb,00000000
4,0020b1b3,ca5ddfc8,bb398bbb,00000000
5,0020c1b3,ca5ddfc8,bb398bbb,71645473
6,0020d1b3,ca5ddfc8,bb398bbb,00000019
7,4020d1b3,ca5ddfc8,bb398bbb,fffffff9
8,0020e1b3,ca5ddfc8,bb398bbb,fb7ddffb
9,0020f1b3,ca5ddfc8,bb398bbb,8a198b88
10,022081b3,ca5ddfc8,bb398bbb,b69c0f18
11,022091b3,ca5ddfc8,bb398bbb,0e68a44f
12,0220a1b3,ca5ddfc8,bb398bbb,d8c68417
13,0220b1b3,ca5ddfc8,bb398bbb,94000fd2
14,60009193,ca5ddfc8,00000000,00000000
15,60109193,ca5ddfc8,00000000,00000003
16,60209193,ca5ddfc8,00000000,00000013
17,602091b3,ca5ddfc8,bb398bbb,4652eefe
18,6020d1b3,ca5ddfc8,bb398bbb,4bbbf919
19,0a20c1b3,ca5ddfc8,bb398bbb,bb398bbb
20,0a20e1b3,ca5ddfc8,bb398bbb,ca5ddfc8
21,0a20d1b3,ca5ddfc8,bb398bbb,bb398bbb
22,0a20f1b3,ca5ddfc8,bb398bbb,ca5ddfc8
23,282091b3,ca5ddfc8,bb398bbb,ca5ddfc8
24,482091b3,ca5ddfc8,bb398bbb,c25ddfc8
25,4820d1b3,ca5ddfc8,bb398bbb,00000001
26,0020818b,ca5ddfc8,bb398bbb,00004170
27,0020918b,ca5ddfc8,bb398bbb,857f8083
28,0020a18b,ca5ddfc8,bb398bbb,0f24540d
29,0000b18b,ca5ddfc8,00000000,35a22038
30,0000c18b,ca5ddfc8,00000000,ffffff80
0,002081b3,50dc8802,6f660096,c0428898
1,402081b3,50dc8802,6f660096,e176876c
2,002091b3,50dc8802,6f660096,00800000
3,0020a1b3,50dc8802,6f660096,00000001
4,0020b1b3,50dc8802,6f660096,00000001
5,0020c1b3,50dc8802,6f660096,3fba8894
6,0020d1b3,50dc8802,6f660096,00000143
7,4020d1b3,50dc8802,6f660096,00000143
8,0020e1b3,50dc8802,6f660096,7ffe8896
9,0020f1b3,50dc8802,6f660096,40440002
10,022081b3,50dc8802,6f660096,7003b12c
11,022091b3,50dc8802,6f660096,232fd706
12,0220a1b3,50dc8802,6f660096,232fd706
13,0220b1b3,50dc8802,6f660096,232fd706
14,60009193,50dc8802,00000000,00000001
15,60109193,50dc8802,00000000,00000001
16,60209193,50dc8802,00000000,0000000a
17,602091b3,50dc8802,6f660096,00943722
18,6020d1b3,50dc8802,6f660096,72200943
19,0a20c1b3,50dc8802,6f660096,50dc8802
20,0a20e1b3,50dc8802,6f660096,6f660096
21,0a20d1b3,50dc8802,6f660096,50dc8802
22,0a20f1b3,50dc8802,6f660096,6f660096
23,282091b3,50dc8802,6f660096,50dc8802
24,482091b3,50dc8802,6f660096,509c8802
25,4820d1b3,50dc8802,6f660096,00000001
26,0020818b,50dc8802,6f660096,00001384
27,0020918b,50dc8802,6f660096,7f428898
28,0020a18b,50dc8802,6f660096,e180886c
29,0000b18b,50dc8802,00000000,50dc8802
30,0000c18b,50dc8802,00000000,0000007f
0,002081b3,a957f808,a1cf1f86,4b27178e
1,402081b3,a957f808,a1cf1f86,0788d882
2,002091b3,a957f808,a1cf1f86,55fe0200
3,0020a1b3,a957f808,a1cf1f86,00000000
4,0020b1b3,a957f808,a1cf1f86,00000000
5,0020c1b3,a957f808,a1cf1f86,0898e78e
6,0020d1b3,a957f808,a1cf1f86,02a55fe0
7,4020d1b3,a957f808,a1cf1f86,fea55fe0
8,0020e1b3,a957f808,a1cf1f86,a9dfff8e
9,0020f1b3,a957f808,a1cf1f86,a1471800
10,022081b3,a957f808,a1cf1f86,e18ccc30
11,022091b3,a957f808,a1cf1f86,1fe23e6a
12,0220a1b3,a957f808,a1cf1f86,c93a3672
13,0220b1b3,a957f808,a1cf1f86,6b0955f8
14,60009193,a957f808,00000000,00000000
15,60109193,a957f808,00000000,00000003
16,60209193,a957f808,00000000,0000000f
17,602091b3,a957f808,a1cf1f86,55fe022a
18,6020d1b3,a957f808,a1cf1f86,22a55fe0
19,0a20c1b3,a957f808,a1cf1f86,a1cf1f86
20,0a20e1b3,a957f808,a1cf1f86,a957f808
21,0a20d1b3,a957f808,a1cf1f86,a1cf1f86
22,0a20f1b3,a957f808,a1cf1f86,a957f808
23,282091b3,a957f808,a1cf1f86,a957f848
24,482091b3,a957f808,a1cf1f86,a957f808
25,4820d1b3,a957f808,a1cf1f86,00000000
26,0020818b,a957f808,a1cf1f86,00000ada
27,0020918b,a957f808,a1cf1f86,8026178e
28,0020a18b,a957f808,a1cf1f86,087fd97f
29,0000b18b,a957f808,00000000,56a807f8
30,0000c18b,a957f808,00000000,ffffff80
0,002081b3,0900a3d4,6058fad1,69599ea5
1,402081b3,0900a3d4,6058fad1,a8a7a903
2,002091b3,0900a3d4,6058fad1,47a80000
3,0020a1b3,0900a3d4,6058fad1,00000001
4,0020b1b3,0900a3d4,6058fad1,00000001
5,0020c1b3,0900a3d4,6058fad1,69585905
6,0020d1b3,0900a3d4,6058fad1,00000480
7,4020d1b3,0900a3d4,6058fad1,00000480
8,0020e1b3,0900a3d4,6058fad1,6958fbd5
9,0020f1b3,0900a3d4,6058fad1,0000a2d0
10,022081b3,0900a3d4,6058fad1,ca62c814
11,022091b3,0900a3d4,6058fad1,03635e79
12,0220a1b3,0900a3d4,6058fad1,03635e79
13,0220b1b3,0900a3d4,6058fad1,03635e79
14,60009193,0900a3d4,00000000,00000004
15,60109193,0900a3d4,00000000,00000002
16,60209193,0900a3d4,00000000,0000000a
17,602091b3,0900a3d4,6058fad1,47a81201
18,6020d1b3,0900a3d4,6058fad1,51ea0480
19,0a20c1b3,0900a3d4,6058fad1,0900a3d4
20,0a20e1b3,0900a3d4,6058fad1,6058fad1
21,0a20d1b3,0900a3d4,6058fad1,0900a3d4
22,0a20f1b3,0900a3d4,6058fad1,6058fad1
23,282091b3,0900a3d4,6058fad1,0902a3d4
24,482091b3,0900a3d4,6058fad1,0900a3d4
25,4820d1b3,0900a3d4,6058fad1,00000000
26,0020818b,0900a3d4,6058fad1,00000da2
27,0020918b,0900a3d4,6058fad1,69589da5
28,0020a18b,0900a3d4,6058fad1,a9a8a903
29,0000b18b,0900a3d4,00000000,0900a3d4
30,0000c18b,0900a3d4,00000000,0000007f
0,002081b3,3c3aafd5,6b9ee3a0,a7d99375
1,402081b3,3c3aafd5,6b9ee3a0,d09bcc35
2,002091b3,3c3aafd5,6b9ee3a0,3c3aafd5
3,0020a1b3,3c3aafd5,6b9ee3a0,00000001
4,0020b1b3,3c3aafd5,6b9ee3a0,00000001
5,0020c1b3,3c3aafd5,6b9ee3a0,57a44c75
6,0020d1b3,3c3aafd5,6b9ee3a0,3c3aafd5
7,4020d1b3,3c3aafd5,6b9ee3a0,3c3aafd5
8,0020e1b3,3c3aafd5,6b9ee3a0,7fbeeff5
9,0020f1b3,3c3aafd5,6b9ee3a0,281aa380
10,022081b3,3c3aafd5,6b9ee3a0,3b0dc420
11,022091b3,3c3aafd5,6b9ee3a0,1951e944
12,0220a1b3,3c3aafd5,6b9ee3a0,1951e944
13,0220b1b3,3c3aafd5,6b9ee3a0,1951e944
14,60009193,3c3aafd5,00000000,00000002
15,60109193,3c3aafd5,00000000,00000000
16,60209193,3c3aafd5,00000000,00000013
17,602091b3,3c3aafd5,6b9ee3a0,3c3aafd5
18,6020d1b3,3c3aafd5,6b9ee3a0,3c3aafd5
19,0a20c1b3,3c3aafd5,6b9ee3a0,3c3aafd5
20,0a20e1b3,3c3aafd5,6b9ee3a0,6b9ee3a0
21,0a20d1b3,3c3aafd5,6b9ee3a0,3c3aafd5
22,0a20f1b3,3c3aafd5,6b9ee3a0,6b9ee3a0
23,282091b3,3c3aafd5,6b9ee3a0,3c3aafd5
24,482091b3,3c3aafd5,6b9ee3a0,3c3aafd4
25,4820d1b3,3c3aafd5,6b9ee3a0,00000001
26,0020818b,3c3aafd5,6b9ee3a0,00001c2d
27,0020918b,3c3aafd5,6b9ee3a0,7fd89280
28,0020a18b,3c3aafd5,6b9ee3a0,d17fcc35
29,0000b18b,3c3aafd5,00000000,3c3aafd5
30,0000c18b,3c3aafd5,00000000,0000007f
0,002081b3,4ed518b4,08e20044,57b718f8
1,402081b3,4ed518b4,08e20044,45f31870
2,002091b3,4ed518b4,08e20044,ed518b40
3,0020a1b3,4ed518b4,08e20044,00000000
4,0020b1b3,4ed518b4,08e20044,00000000
5,0020c1b3,4ed518b4,08e20044,463718f0
6,0020d1b3,4ed518b4,08e20044,04ed518b
7,4020d1b3,4ed518b4,08e20044,04ed518b
8,0020e1b3,4ed518b4,08e20044,4ef718f4
9,0020f1b3,4ed518b4,08e20044,08c00004
10,022081b3,4ed518b4,08e20044,5f828fd0
11,022091b3,4ed518b4,08e20044,02bc40fa
12,0220a1b3,4ed518b4,08e20044,02bc40fa
13,0220b1b3,4ed518b4,08e20044,02bc40fa
14,60009193,4ed518b4,00000000,00000001
15,60109193,4ed518b4,00000000,00000002
16,60209193,4ed518b4,00000000,0000000f
17,602091b3,4ed518b4,08e20044,ed518b44
18,6020d1b3,4ed518b4,08e20044,44ed518b
19,0a20c1b3,4ed518b4,08e20044,08e20044
20,0a20e1b3,4ed518b4,08e20044,4ed518b4
21,0a20d1b3,4ed518b4,08e20044,08e20044
22,0a20f1b3,4ed518b4,08e20044,4ed518b4
23,282091b3,4ed518b4,08e20044,4ed518b4
24,482091b3,4ed518b4,08e20044,4ed518a4
25,4820d1b3,4ed518b4,08e20044,00000001
26,0020818b,4ed518b4,08e20044,fffff34a
27,0020918b,4ed518b4,08e20044,56b718f8
28,0020a18b,4ed518b4,08e20044,46f31880
29,0000b18b,4ed518b4,00000000,4ed518b4
30,0000c18b,4ed518b4,00000000,0000007f
0,002081b3,949ef016,993d5450,2ddc4466
1,402081b3,949ef016,993d5450,fb619bc6
2,002091b3,949ef016,993d5450,f0160000
3,0020a1b3,949ef016,993d5450,00000001
4,0020b1b3,949ef016,993d5450,00000001
5,0020c1b3,949ef016,993d5450,0da3a446
6,0020d1b3,949ef016,993d5450,0000949e
7,4020d1b3,949ef016,993d5450,ffff949e
8,0020e1b3,949ef016,993d5450,9dbff456
9,0020f1b3,949ef016,993d5450,901c5010
10,022081b3,949ef016,993d5450,f3b03ee0
11,022091b3,949ef016,993d5450,2b1a53e8
12,0220a1b3,949ef016,993d5450,bfb943fe
13,0220b1b3,949ef016,993d5450,58f6984e
14,60009193,949ef016,00000000,00000000
15,60109193,949ef016,00000000,00000001
16,60209193,949ef016,00000000,0000000f
17,602091b3,949ef016,993d5450,f016949e
18,6020d1b3,949ef016,993d5450,f016949e
19,0a20c1b3,949ef016,993d5450,949ef016
20,0a20e1b3,949ef016,993d5450,993d5450
21,0a20d1b3,949ef016,993d5450,949ef016
22,0a20f1b3,949ef016,993d5450,993d5450
23,282091b3,949ef016,993d5450,949ff016
24,482091b3,949ef016,993d5450,949ef016
25,4820d1b3,949ef016,993d5450,00000000
26,0020818b,949ef016,993d5450,000015ba
27,0020918b,949ef016,993d5450,80db4466
28,0020a18b,949ef016,993d5450,fb809cc6
29,0000b18b,949ef016,00000000,6b610fea
30,0000c18b,949ef016,00000000,ffffff80
0,002081b3,b233c8c6,62e78eeb,151b57b1
1,402081b3,b233c8c6,62e78eeb,4f4c39db
2,002091b3,b233c8c6,62e78eeb,9e463000
3,0020a1b3,b233c8c6,62e78eeb,00000001
4,0020b1b3,b233c8c6,62e78eeb,00000000
5,0020c1b3,b233c8c6,62e78eeb,d0d4462d
6,0020d1b3,b233c8c6,62e78eeb,00164679
7,4020d1b3,b233c8c6,62e78eeb,fff64679
8,0020e1b3,b233c8c6,62e78eeb,f2f7ceef
9,0020f1b3,b233c8c6,62e78eeb,222388c2
10,022081b3,b233c8c6,62e78eeb,459121c2
11,022091b3,b233c8c6,62e78eeb,e1f17427
12,0220a1b3,b233c8c6,62e78eeb,e1f17427
13,0220b1b3,b233c8c6,62e78eeb,44d90312
14,60009193,b233c8c6,00000000,00000000
15,60109193,b233c8c6,00000000,00000001
16,60209193,b233c8c6,00000000,0000000f
17,602091b3,b233c8c6,62e78eeb,9e463591
18,6020d1b3,b233c8c6,62e78eeb,18d64679
19,0a20c1b3,b233c8c6,62e78eeb,b233c8c6
20,0a20e1b3,b233c8c6,62e78eeb,62e78eeb
21,0a20d1b3,b233c8c6,62e78eeb,62e78eeb
22,0a20f1b3,b233c8c6,62e78eeb,b233c8c6
23,282091b3,b233c8c6,62e78eeb,b233c8c6
24,482091b3,b233c8c6,62e78eeb,b233c0c6
25,4820d1b3,b233c8c6,62e78eeb,00000001
26,0020818b,b233c8c6,62e78eeb,fffffadb
27,0020918b,b233c8c6,62e78eeb,141a80b1
28,0020a18b,b233c8c6,62e78eeb,804c3adb
29,0000b18b,b233c8c6,00000000,4dcc373a
30,0000c18b,b233c8c6,00000000,ffffff80
0,002081b3,7bbbb65f,049ccd79,805883d8
1,402081b3,7bbbb65f,049ccd79,771ee8e6
2,002091b3,7bbbb65f,049ccd79,be000000
3,0020a1b3,7bbbb65f,049ccd79,00000000
4,0020b1b3,7bbbb65f,049ccd79,00000000
5,0020c1b3,7bbbb65f,049ccd79,7f277b26
6,0020d1b3,7bbbb65f,049ccd79,0000003d
7,4020d1b3,7bbbb65f,049ccd79,0000003d
8,0020e1b3,7bbbb65f,049ccd79,7fbfff7f
9,0020f1b3,7bbbb65f,049ccd79,00988459
10,022081b3,7bbbb65f,049ccd79,6aa745e7
11,022091b3,7bbbb65f,049ccd79,023ab88c
12,0220a1b3,7bbbb65f,049ccd79,023ab88c
13,0220b1b3,7bbbb65f,049ccd79,023ab88c
14,60009193,7bbbb65f,00000000,00000001
15,60109193,7bbbb65f,00000000,00000000
16,60209193,7bbbb65f,00000000,00000017
17,602091b3,7bbbb65f,049ccd79,bef7776c
18,6020d1b3,7bbbb65f,049ccd79,dddb2fbd
19,0a20c1b3,7bbbb65f,049ccd79,049ccd79
20,0a20e1b3,7bbbb65f,049ccd79,7bbbb65f
21,0a20d1b3,7bbbb65f,049ccd79,049ccd79
22,0a20f1b3,7bbbb65f,049ccd79,7bbbb65f
23,282091b3,7bbbb65f,049ccd79,7bbbb65f
24,482091b3,7bbbb65f,049ccd79,79bbb65f
25,4820d1b3,7bbbb65f,049ccd79,00000001
26,0020818b,7bbbb65f,049ccd79,00005885
27,0020918b,7bbbb65f,049ccd79,7f80837f
28,0020a18b,7bbbb65f,049ccd79,771fe9e6
29,0000b18b,7bbbb65f,00000000,7bbbb65f
30,0000c18b,7bbbb65f,00000000,0000007f
0,002081b3,48d5a34e,6a62cd9a,b33870e8
1,402081b3,48d5a34e,6a62cd9a,de72d5b4
2,002091b3,48d5a34e,6a62cd9a,38000000
3,0020a1b3,48d5a34e,6a62cd9a,00000001
4,0020b1b3,48d5a34e,6a62cd9a,00000001
5,0020c1b3,48d5a34e,6a62cd9a,22b76ed4
6,0020d1b3,48d5a34e,6a62cd9a,00000012
7,4020d1b3,48d5a34e,6a62cd9a,00000012
8,0020e1b3,48d5a34e,6a62cd9a,6af7efde
9,0020f1b3,48d5a34e,6a62cd9a,4840810a
10,022081b3,48d5a34e,6a62cd9a,b425b2ec
11,022091b3,48d5a34e,6a62cd9a,1e4491e5
12,0220a1b3,48d5a34e,6a62cd9a,1e4491e5
13,0220b1b3,48d5a34e,6a62cd9a,1e4491e5
14,60009193,48d5a34e,00000000,00000001
15,60109193,48d5a34e,00000000,00000001
16,60209193,48d5a34e,00000000,0000000f
17,602091b3,48d5a34e,6a62cd9a,3923568d
18,6020d1b3,48d5a34e,6a62cd9a,3568d392
19,0a20c1b3,48d5a34e,6a62cd9a,48d5a34e
20,0a20e1b3,48d5a34e,6a62cd9a,6a62cd9a
21,0a20d1b3,48d5a34e,6a62cd9a,48d5a34e
22,0a20f1b3,48d5a34e,6a62cd9a,6a62cd9a
23,282091b3,48d5a34e,6a62cd9a,4cd5a34e
24,482091b3,48d5a34e,6a62cd9a,48d5a34e
25,4820d1b3,48d5a34e,6a62cd9a,00000000
26,0020818b,48d5a34e,6a62cd9a,000000cd
27,0020918b,48d5a34e,6a62cd9a,7f3780e8
28,0020a18b,48d5a34e,6a62cd9a,de80d67f
29,0000b18b,48d5a34e,00000000,48d5a34e
30,0000c18b,48d5a34e,00000000,0000007f
0,002081b3,4c49941c,618d720f,add7062b
1,402081b3,4c49941c,618d720f,eabc220d
2,002091b3,4c49941c,618d720f,ca0e0000
3,0020a1b3,4c49941c,618d720f,00000001
4,0020b1b3,4c49941c,618d720f,00000001
5,0020c1b3,4c49941c,618d720f,2dc4e613
6,0020d1b3,4c49941c,618d720f,00009893
7,4020d1b3,4c49941c,618d720f,00009893
8,0020e1b3,4c49941c,618d720f,6dcdf61f
9,0020f1b3,4c49941c,618d720f,4009100c
10,022081b3,4c49941c,618d720f,6bb025a4
11,022091b3,4c49941c,618d720f,1d1207a2
12,0220a1b3,4c49941c,618d720f,1d1207a2
13,0220b1b3,4c49941c,618d720f,1d1207a2
14,60009193,4c49941c,00000000,00000001
15,60109193,4c49941c,00000000,00000002
16,60209193,4c49941c,00000000,0000000c
17,602091b3,4c49941c,618d720f,ca0e2624
18,6020d1b3,4c49941c,618d720f,28389893
19,0a20c1b3,4c49941c,618d720f,4c49941c
20,0a20e1b3,4c49941c,618d720f,618d720f
21,0a20d1b3,4c49941c,618d720f,4c49941c
22,0a20f1b3,4c49941c,618d720f,618d720f
23,282091b3,4c49941c,618d720f,4c49941c
24,482091b3,4c49941c,618d720f,4c49141c
25,4820d1b3,4c49941c,618d720f,00000001
26,0020818b,4c49941c,618d720f,ffffcd8d
27,0020918b,4c49941c,618d720f,7fd6062b
28,0020a18b,4c49941c,618d720f,eb7f800d
29,0000b18b,4c49941c,00000000,4c49941c
30,0000c18b,4c49941c,00000000,0000007f
0,002081b3,4dc0e9b6,22380177,6ff8eb2d
1,402081b3,4dc0e9b6,22380177,2b88e83f
2,002091b3,4dc0e9b6,22380177,db000000
3,0020a1b3,4dc0e9b6,22380177,00000000
4,0020b1b3,4dc0e9b6,22380177,00000000
5,0020c1b3,4dc0e9b6,22380177,6ff8e8c1
6,0020d1b3,4dc0e9b6,22380177,0000009b
7,4020d1b3,4dc0e9b6,22380177,0000009b
8,0020e1b3,4dc0e9b6,22380177,6ff8e9f7
9,0020f1b3,4dc0e9b6,22380177,00000136
10,022081b3,4dc0e9b6,22380177,3166599a
11,022091b3,4dc0e9b6,22380177,0a64a1af
12,0220a1b3,4dc0e9b6,22380177,0a64a1af
13,0220b1b3,4dc0e9b6,22380177,0a64a1af
14,60009193,4dc0e9b6,00000000,00000001
15,60109193,4dc0e9b6,00000000,00000001
16,60209193,4dc0e9b6,00000000,00000010
17,602091b3,4dc0e9b6,22380177,db26e074
18,6020d1b3,4dc0e9b6,22380177,81d36c9b
19,0a20c1b3,4dc0e9b6,22380177,22380177
20,0a20e1b3,4dc0e9b6,22380177,4dc0e9b6
21,0a20d1b3,4dc0e9b6,22380177,22380177
22,0a20f1b3,4dc0e9b6,22380177,4dc0e9b6
23,282091b3,4dc0e9b6,22380177,4dc0e9b6
24,482091b3,4dc0e9b6,22380177,4d40e9b6
25,4820d1b3,4dc0e9b6,22380177,00000001
26,0020818b,4dc0e9b6,22380177,ffffd9bd
27,0020918b,4dc0e9b6,22380177,6ff8ea2d
28,0020a18b,4dc0e9b6,22380177,2b88e880
29,0000b18b,4dc0e9b6,00000000,4dc0e9b6
30,0000c18b,4dc0e9b6,00000000,0000007f
0,002081b3,38b90c0a,e599eb2f,1e52f739
1,402081b3,38b90c0a,e599eb2f,531f20db
2,002091b3,38b90c0a,e599eb2f,86050000
3,0020a1b3,38b90c0a,e599eb2f,00000000
4,0020b1b3,38b90c0a,e599eb2f,00000001
5,0020c1b3,38b90c0a,e599eb2f,dd20e725
6,0020d1b3,38b90c0a,e599eb2f,00007172
7,4020d1b3,38b90c0a,e599eb2f,00007172
8,0020e1b3,38b90c0a,e599eb2f,fdb9ef2f
9,0020f1b3,38b90c0a,e599eb2f,2099080a
10,022081b3,38b90c0a,e599eb2f,6c0063d6
11,022091b3,38b90c0a,e599eb2f,fa26966f
12,0220a1b3,38b90c0a,e599eb2f,32dfa279
13,0220b1b3,38b90c0a,e599eb2f,32dfa279
14,60009193,38b90c0a,00000000,00000002
15,60109193,38b90c0a,00000000,00000001
16,60209193,38b90c0a,00000000,0000000c
17,602091b3,38b90c0a,e599eb2f,86051c5c
18,6020d1b3,38b90c0a,e599eb2f,18147172
19,0a20c1b3,38b90c0a,e599eb2f,e599eb2f
20,0a20e1b3,38b90c0a,e599eb2f,38b90c0a
21,0a20d1b3,38b90c0a,e599eb2f,38b90c0a
22,0a20f1b3,38b90c0a,e599eb2f,e599eb2f
23,282091b3,38b90c0a,e599eb2f,38b98c0a
24,482091b3,38b90c0a,e599eb2f,38b90c0a
25,4820d1b3,38b90c0a,e599eb2f,00000000
26,0020818b,38b90c0a,e599eb2f,00001783
27,0020918b,38b90c0a,e599eb2f,1d80f739
28,0020a18b,38b90c0a,e599eb2f,532021db
29,0000b18b,38b90c0a,00000000,38b90c0a
30,0000c18b,38b90c0a,00000000,0000007f
0,002081b3,abdb03b7,3418941b,dff397d2
1,402081b3,abdb03b7,3418941b,77c26f9c
2,002091b3,abdb03b7,3418941b,b8000000
3,0020a1b3,abdb03b7,3418941b,00000001
4,0020b1b3,abdb03b7,3418941b,00000000
5,0020c1b3,abdb03b7,3418941b,9fc397ac
6,0020d1b3,abdb03b7,3418941b,00000015
7,4020d1b3,abdb03b7,3418941b,fffffff5
8,0020e1b3,abdb03b7,3418941b,bfdb97bf
9,0020f1b3,abdb03b7,3418941b,20180013
10,022081b3,abdb03b7,3418941b,4367304d
11,022091b3,abdb03b7,3418941b,eee0689b
12,0220a1b3,abdb03b7,3418941b,eee0689b
13,0220b1b3,abdb03b7,3418941b,22f8fcb6
14,60009193,abdb03b7,00000000,00000000
15,60109193,abdb03b7,00000000,00000000
16,60209193,abdb03b7,00000000,00000013
17,602091b3,abdb03b7,3418941b,bd5ed81d
18,6020d1b3,abdb03b7,3418941b,7b6076f5
19,0a20c1b3,abdb03b7,3418941b,abdb03b7
20,0a20e1b3,abdb03b7,3418941b,3418941b
21,0a20d1b3,abdb03b7,3418941b,3418941b
22,0a20f1b3,abdb03b7,3418941b,abdb03b7
23,282091b3,abdb03b7,3418941b,abdb03b7
24,482091b3,abdb03b7,3418941b,a3db03b7
25,4820d1b3,abdb03b7,3418941b,00000001
26,0020818b,abdb03b7,3418941b,ffffe24d
27,0020918b,abdb03b7,3418941b,dff397d2
28,0020a18b,abdb03b7,3418941b,80c36f9c
29,0000b18b,abdb03b7,00000000,5424fc49
30,0000c18b,abdb03b7,00000000,ffffff80
29,0000b18b,80000000,00000000,7fffffff
